# Blender 5.1.2
# www.blender.org
o Pleat_Skirt
v -0.000009 0.050000 -0.310231
v -0.095786 0.050000 -0.294800
v -0.182196 0.050000 -0.250772
v -0.250772 0.050000 -0.182196
v -0.294800 0.050000 -0.095786
v -0.309971 0.050000 0.000000
v -0.294800 0.050000 0.095786
v -0.250771 0.050000 0.182197
v -0.182203 0.050000 0.250767
v -0.095742 0.050000 0.294817
v -0.012749 0.050000 0.309132
v 0.107617 0.050000 0.290006
v 0.182371 0.050000 0.251275
v 0.250899 0.050000 0.182247
v 0.295029 0.050000 0.095869
v 0.310187 0.050000 -0.000002
v 0.295011 0.050000 -0.095855
v 0.250950 0.050000 -0.182326
v 0.182327 0.050000 -0.250952
v 0.095854 0.050000 -0.295003
v 0.048144 0.050000 0.303964
v 0.128586 -0.700000 0.433596
v -0.048481 0.050000 -0.306268
v -0.140773 0.050000 -0.276283
v -0.219259 0.050000 -0.219259
v -0.276283 0.050000 -0.140773
v -0.306262 0.050000 -0.048507
v -0.306262 0.050000 0.048507
v -0.276281 0.050000 0.140772
v -0.219266 0.050000 0.219270
v -0.140755 0.050000 0.276214
v -0.048468 0.050000 0.306680
v 0.023836 0.050000 0.306960
v 0.140921 0.050000 0.276668
v 0.219198 0.050000 0.219229
v 0.276300 0.050000 0.140773
v 0.306263 0.050000 0.048510
v 0.306266 0.050000 -0.048508
v 0.276286 0.050000 -0.140775
v 0.219262 0.050000 -0.219262
v 0.140775 0.050000 -0.276286
v 0.048503 0.050000 -0.306267
v -0.128586 -0.700000 -0.433596
v 0.011696 -0.700000 -0.452109
v -0.256281 -0.700000 -0.372639
v -0.358890 -0.700000 -0.275205
v -0.426367 -0.700000 -0.150833
v -0.452109 -0.700000 -0.011696
v -0.433596 -0.700000 0.128586
v -0.372639 -0.700000 0.256281
v -0.275205 -0.700000 0.358889
v -0.150833 -0.700000 0.426367
v -0.011696 -0.700000 0.452109
v 0.256281 -0.700000 0.372639
v 0.358889 -0.700000 0.275205
v 0.426367 -0.700000 0.150833
v 0.452109 -0.700000 0.011696
v 0.433596 -0.700000 -0.128586
v 0.372639 -0.700000 -0.256281
v 0.275205 -0.700000 -0.358889
v 0.150833 -0.700000 -0.426367
v 0.072178 0.050000 0.299304
v 0.063128 -0.050000 0.331525
v 0.145312 -0.050000 -0.308326
v 0.233491 -0.050000 -0.248367
v 0.298831 -0.050000 -0.164080
v 0.334922 -0.050000 -0.063714
v 0.308404 -0.050000 0.145322
v 0.042933 -0.050000 -0.338096
v 0.248341 -0.050000 0.233443
v 0.164114 -0.050000 0.299136
v -0.042912 -0.050000 0.338410
v -0.145290 -0.050000 0.308142
v -0.063620 -0.050000 -0.334776
v -0.337936 -0.050000 -0.042976
v -0.233424 -0.050000 0.248187
v -0.298666 -0.050000 0.163878
v -0.334678 -0.050000 0.063557
v 0.338218 -0.050000 0.042899
v -0.308129 -0.050000 -0.145301
v -0.248172 -0.050000 -0.233416
v -0.163924 -0.050000 -0.298704
v -0.088412 -0.700000 -0.445926
v -0.085065 -0.700000 -0.441193
v -0.088718 -0.700000 -0.438353
v -0.076353 -0.700000 -0.418683
v -0.221883 -0.700000 -0.396780
v -0.217237 -0.700000 -0.393314
v -0.219833 -0.700000 -0.389484
v -0.201998 -0.700000 -0.374596
v -0.333635 -0.700000 -0.308795
v -0.328146 -0.700000 -0.306935
v -0.329431 -0.700000 -0.302490
v -0.307869 -0.700000 -0.293839
v -0.412729 -0.700000 -0.190583
v -0.406933 -0.700000 -0.190511
v -0.406782 -0.700000 -0.185886
v -0.383602 -0.700000 -0.184320
v -0.451422 -0.700000 -0.053715
v -0.445888 -0.700000 -0.055437
v -0.444314 -0.700000 -0.051086
v -0.421786 -0.700000 -0.056758
v -0.445927 -0.700000 0.088410
v -0.441195 -0.700000 0.085063
v -0.438355 -0.700000 0.088715
v -0.418681 -0.700000 0.076358
v -0.396781 -0.700000 0.221882
v -0.393316 -0.700000 0.217236
v -0.389485 -0.700000 0.219832
v -0.374594 -0.700000 0.202000
v -0.308796 -0.700000 0.333635
v -0.306935 -0.700000 0.328146
v -0.302490 -0.700000 0.329431
v -0.293839 -0.700000 0.307869
v -0.190583 -0.700000 0.412729
v -0.190509 -0.700000 0.406933
v -0.185885 -0.700000 0.406782
v -0.184322 -0.700000 0.383602
v -0.053715 -0.700000 0.451422
v -0.055434 -0.700000 0.445886
v -0.051082 -0.700000 0.444313
v -0.056765 -0.700000 0.421786
v 0.088411 -0.700000 0.445926
v 0.085062 -0.700000 0.441196
v 0.088714 -0.700000 0.438356
v 0.076361 -0.700000 0.418680
v 0.221884 -0.700000 0.396780
v 0.217269 -0.700000 0.393268
v 0.219868 -0.700000 0.389432
v 0.201921 -0.700000 0.374657
v 0.333636 -0.700000 0.308794
v 0.328146 -0.700000 0.306935
v 0.329431 -0.700000 0.302490
v 0.307869 -0.700000 0.293840
v 0.412729 -0.700000 0.190581
v 0.406933 -0.700000 0.190503
v 0.406781 -0.700000 0.185878
v 0.383599 -0.700000 0.184332
v 0.451422 -0.700000 0.053713
v 0.445885 -0.700000 0.055431
v 0.444312 -0.700000 0.051079
v 0.421786 -0.700000 0.056771
v 0.445926 -0.700000 -0.088413
v 0.441191 -0.700000 -0.085068
v 0.438350 -0.700000 -0.088721
v 0.418686 -0.700000 -0.076347
v 0.396779 -0.700000 -0.221885
v 0.393310 -0.700000 -0.217240
v 0.389479 -0.700000 -0.219836
v 0.374601 -0.700000 -0.201991
v 0.308794 -0.700000 -0.333636
v 0.306930 -0.700000 -0.328147
v 0.302484 -0.700000 -0.329432
v 0.293847 -0.700000 -0.307864
v 0.190581 -0.700000 -0.412729
v 0.190506 -0.700000 -0.406933
v 0.185881 -0.700000 -0.406781
v 0.184328 -0.700000 -0.383600
v 0.053714 -0.700000 -0.451422
v 0.055434 -0.700000 -0.445886
v 0.051082 -0.700000 -0.444313
v 0.056766 -0.700000 -0.421786
v -0.320994 -0.050000 0.098860
v -0.095492 -0.050000 0.325475
v -0.082690 -0.050000 0.331424
v -0.207146 -0.050000 -0.268542
v -0.219405 -0.050000 -0.261581
v -0.317800 -0.050000 -0.108699
v 0.268639 -0.050000 -0.207314
v 0.261731 -0.050000 -0.219551
v 0.009776 -0.050000 0.339093
v 0.023577 -0.050000 0.339599
v -0.274739 -0.050000 0.193233
v 0.325646 -0.050000 0.095475
v 0.331491 -0.050000 0.082700
v 0.207292 -0.050000 0.268626
v 0.219524 -0.050000 0.261703
v 0.336056 -0.050000 0.005008
v 0.318058 -0.050000 0.108611
v -0.268676 -0.050000 -0.201585
v -0.201581 -0.050000 0.268709
v -0.268528 -0.050000 0.207125
v -0.261570 -0.050000 0.219394
v -0.279963 -0.050000 -0.191380
v -0.289473 -0.050000 -0.180965
v -0.098932 -0.050000 -0.321052
v -0.325382 -0.050000 -0.095502
v -0.331208 -0.050000 -0.082653
v 0.201585 -0.050000 -0.268875
v 0.321154 -0.050000 -0.099079
v 0.095485 -0.050000 -0.325553
v 0.082683 -0.050000 -0.331386
v -0.338963 -0.050000 0.009719
v -0.340534 -0.050000 0.023741
v 0.108645 -0.050000 -0.317971
v 0.114112 -0.050000 0.319507
v 0.127950 -0.050000 0.316814
v -0.108661 -0.050000 0.317863
v 0.098556 -0.050000 0.320028
v -0.009772 -0.050000 -0.339086
v -0.023761 -0.050000 -0.340671
v 0.191421 -0.050000 -0.280151
v 0.181059 -0.050000 -0.289654
v 0.280186 -0.050000 0.191428
v 0.289698 -0.050000 0.181082
v -0.193263 -0.050000 -0.274755
v 0.193497 -0.050000 0.274879
v 0.274814 -0.050000 -0.193452
v 0.319570 -0.050000 -0.114167
v 0.316787 -0.050000 -0.127937
v -0.335828 -0.050000 -0.005177
v -0.005075 -0.050000 0.336062
v 0.268888 -0.050000 0.201569
v 0.005095 -0.050000 -0.335946
v 0.339216 -0.050000 -0.009830
v 0.340827 -0.050000 -0.023784
v -0.191387 -0.050000 0.279998
v -0.180977 -0.050000 0.289496
v -0.114049 -0.050000 -0.319438
v -0.127851 -0.050000 -0.316614
v -0.319375 -0.050000 0.113994
v -0.316540 -0.050000 0.127814
v 0.251031 -0.150000 -0.286680
v -0.327301 -0.150000 0.195034
v 0.345986 -0.150000 -0.142199
v -0.100201 -0.150000 0.367777
v -0.098464 -0.150000 0.356213
v -0.371520 -0.150000 0.084327
v 0.379589 -0.150000 0.034553
v -0.249355 -0.150000 -0.292943
v -0.230145 -0.150000 -0.289004
v -0.350083 -0.150000 -0.150149
v -0.029551 -0.150000 -0.383602
v -0.238489 -0.150000 -0.297115
v -0.286545 -0.150000 -0.250979
v -0.018322 -0.150000 -0.380585
v 0.289051 -0.150000 -0.230297
v -0.194970 -0.150000 -0.327248
v -0.028256 -0.150000 -0.372861
v 0.201605 -0.150000 -0.327781
v 0.293060 -0.150000 -0.249470
v 0.016466 -0.150000 0.369339
v 0.208898 -0.150000 -0.318742
v 0.297195 -0.150000 -0.238623
v 0.327929 -0.150000 0.201685
v 0.029441 -0.150000 0.382999
v 0.318886 -0.150000 0.208954
v 0.018366 -0.150000 0.380772
v -0.372845 -0.150000 0.028265
v -0.142077 -0.150000 -0.345861
v 0.374186 -0.150000 0.090474
v -0.285051 -0.150000 0.242083
v 0.367836 -0.150000 0.100182
v 0.249544 -0.150000 0.293138
v 0.238706 -0.150000 0.297272
v 0.242215 -0.150000 0.285126
v 0.355846 -0.150000 -0.146718
v 0.318470 -0.150000 0.196326
v -0.308185 -0.150000 -0.203739
v 0.356420 -0.150000 -0.135129
v -0.196298 -0.150000 0.318360
v -0.356068 -0.150000 -0.098528
v 0.285095 -0.150000 -0.242121
v 0.142243 -0.150000 0.346007
v 0.203740 -0.150000 -0.308306
v 0.373020 -0.150000 -0.028340
v -0.293032 -0.150000 0.249441
v 0.088344 -0.150000 -0.363377
v 0.098510 -0.150000 -0.356138
v -0.297192 -0.150000 0.238572
v 0.129433 -0.150000 0.345325
v -0.327675 -0.150000 -0.201550
v -0.318629 -0.150000 -0.208880
v 0.230447 -0.150000 0.289131
v 0.383804 -0.150000 -0.029580
v 0.380766 -0.150000 -0.018384
v 0.196316 -0.150000 -0.318330
v -0.369104 -0.150000 0.016340
v -0.201622 -0.150000 0.327810
v -0.373934 -0.150000 -0.090431
v -0.016343 -0.150000 -0.369120
v -0.208935 -0.150000 0.318774
v -0.367594 -0.150000 -0.100198
v -0.241989 -0.150000 -0.285020
v 0.308434 -0.150000 0.203723
v -0.146633 -0.150000 -0.355672
v -0.135014 -0.150000 -0.356278
v -0.363310 -0.150000 -0.088340
v 0.028350 -0.150000 0.373004
v 0.084046 -0.150000 0.369244
v -0.346006 -0.150000 0.129626
v -0.355731 -0.150000 0.146660
v -0.356336 -0.150000 0.135035
v 0.090441 -0.150000 -0.373995
v 0.356300 -0.150000 0.098449
v 0.327361 -0.150000 -0.195110
v 0.100179 -0.150000 -0.367654
v 0.371664 -0.150000 -0.084421
v -0.289024 -0.150000 0.230239
v 0.350358 -0.150000 0.150169
v -0.383604 -0.150000 0.029550
v -0.318219 -0.150000 -0.196287
v 0.034603 -0.150000 -0.379401
v -0.380591 -0.150000 0.018303
v 0.369265 -0.150000 -0.016458
v 0.286783 -0.150000 0.251044
v -0.088306 -0.150000 0.363476
v 0.363542 -0.150000 0.088310
v 0.195233 -0.150000 0.327669
v -0.203730 -0.150000 0.308328
v 0.150153 -0.150000 -0.350178
v -0.034542 -0.150000 0.379813
v -0.150148 -0.150000 0.350214
v 0.146783 -0.150000 0.355980
v -0.129586 -0.150000 -0.345988
v -0.084314 -0.150000 -0.371498
v 0.135150 -0.150000 0.356478
v -0.379365 -0.150000 -0.034614
v 0.346090 -0.150000 -0.129735
v -0.251034 -0.150000 0.286678
v -0.090479 -0.150000 0.374209
v -0.345883 -0.150000 0.142121
v -0.104013 -0.400000 0.416521
v -0.081618 -0.400000 0.399774
v 0.432811 -0.400000 -0.036794
v -0.358107 -0.400000 0.232929
v 0.373079 -0.400000 -0.177040
v -0.274770 -0.400000 -0.300839
v -0.363351 -0.400000 -0.227375
v 0.197757 -0.400000 -0.362324
v -0.275235 -0.400000 -0.328465
v -0.029594 -0.400000 -0.427439
v 0.300866 -0.400000 -0.274869
v -0.224799 -0.400000 0.372080
v -0.412449 -0.400000 0.110795
v -0.422830 -0.400000 -0.098731
v 0.426513 -0.400000 0.022069
v 0.045936 -0.400000 0.405497
v 0.224458 -0.400000 -0.371443
v 0.227329 -0.400000 -0.363292
v 0.328530 -0.400000 -0.275342
v -0.283887 -0.400000 -0.328246
v -0.398533 -0.400000 -0.152781
v -0.283481 -0.400000 -0.300036
v 0.029801 -0.400000 0.428302
v -0.362408 -0.400000 -0.197753
v -0.405137 -0.400000 0.045669
v 0.103938 -0.400000 -0.415691
v -0.331713 -0.400000 -0.268417
v -0.405883 -0.400000 -0.076053
v 0.416260 -0.400000 0.103974
v 0.053376 -0.400000 0.409944
v 0.363868 -0.400000 0.227565
v -0.152807 -0.400000 0.399110
v 0.110815 -0.400000 0.411577
v -0.052940 -0.400000 -0.409301
v 0.275807 -0.400000 0.328932
v -0.400365 -0.400000 0.168784
v 0.328329 -0.400000 -0.283976
v -0.354373 -0.400000 -0.201201
v 0.397642 -0.400000 -0.160412
v 0.098680 -0.400000 -0.422556
v -0.399306 -0.400000 -0.081806
v 0.357859 -0.400000 -0.232634
v 0.372016 -0.400000 0.224759
v 0.201206 -0.400000 -0.354298
v 0.036788 -0.400000 0.432862
v 0.268416 -0.400000 -0.331727
v 0.412343 -0.400000 -0.110736
v 0.081896 -0.400000 -0.399078
v -0.328868 -0.400000 0.275701
v 0.398952 -0.400000 0.152799
v -0.409619 -0.400000 0.053162
v 0.168776 -0.400000 0.371040
v -0.432785 -0.400000 0.036782
v -0.176846 -0.400000 -0.372919
v -0.415951 -0.400000 -0.103976
v 0.423137 -0.400000 0.098777
v 0.275436 -0.400000 0.301032
v 0.022204 -0.400000 -0.426020
v -0.300219 -0.400000 0.283992
v 0.427884 -0.400000 -0.029715
v -0.036722 -0.400000 -0.432342
v 0.284417 -0.400000 0.328784
v 0.332297 -0.400000 0.268623
v -0.168533 -0.400000 -0.399851
v -0.045420 -0.400000 -0.404836
v -0.227611 -0.400000 0.363929
v 0.284071 -0.400000 0.300256
v 0.406119 -0.400000 0.075995
v 0.400130 -0.400000 -0.168676
v 0.354851 -0.400000 0.201170
v 0.233119 -0.400000 0.358355
v 0.362866 -0.400000 0.197776
v -0.160236 -0.400000 -0.397389
v -0.075919 -0.400000 0.406355
v 0.152766 -0.400000 -0.398353
v -0.371263 -0.400000 0.168733
v -0.021971 -0.400000 0.426986
v -0.197771 -0.400000 0.362951
v -0.397861 -0.400000 0.160514
v 0.399554 -0.400000 0.081710
v 0.168944 -0.400000 0.400680
v 0.300073 -0.400000 -0.283561
v 0.177428 -0.400000 0.373375
v -0.300979 -0.400000 0.275310
v -0.427856 -0.400000 0.029680
v -0.110528 -0.400000 -0.412029
v 0.409627 -0.400000 -0.053155
v 0.405152 -0.400000 -0.045680
v -0.426366 -0.400000 -0.022117
v -0.328707 -0.400000 0.284335
v 0.076128 -0.400000 -0.405647
v -0.201168 -0.400000 0.354935
v -0.268644 -0.400000 0.332299
v -0.098836 -0.400000 0.423451
v -0.168312 -0.400000 -0.370995
v -0.232472 -0.400000 -0.357734
v -0.373216 -0.400000 0.177234
v 0.160690 -0.400000 0.398114
v -0.371513 -0.400000 -0.224501
v 0.371140 -0.400000 -0.168538
v -0.007814 -0.008750 -0.325286
v -0.001552 0.010948 -0.321812
v -0.004828 -0.002559 -0.323694
v -0.002535 0.004651 -0.322423
v -0.109102 -0.008893 -0.305048
v -0.100311 0.010832 -0.304513
v -0.104839 -0.002691 -0.304797
v -0.101622 0.004529 -0.304601
v -0.198002 -0.008901 -0.256415
v -0.189497 0.010829 -0.258609
v -0.193881 -0.002696 -0.257486
v -0.190768 0.004526 -0.258289
v -0.267539 -0.008904 -0.182679
v -0.260133 0.010827 -0.187393
v -0.263953 -0.002698 -0.184971
v -0.261242 0.004524 -0.186696
v -0.310891 -0.008905 -0.091064
v -0.305307 0.010826 -0.097836
v -0.308189 -0.002699 -0.094352
v -0.306146 0.004523 -0.096830
v -0.323814 -0.008906 0.009467
v -0.320596 0.010826 0.001298
v -0.322261 -0.002700 0.005503
v -0.321083 0.004522 0.002513
v -0.305041 -0.008905 0.109073
v -0.304505 0.010826 0.100304
v -0.304788 -0.002699 0.104821
v -0.304592 0.004523 0.101612
v -0.256400 -0.008903 0.198018
v -0.258608 0.010828 0.189495
v -0.257478 -0.002698 0.193887
v -0.258286 0.004524 0.190768
v -0.182698 -0.008899 0.267531
v -0.187392 0.010829 0.260134
v -0.184980 -0.002695 0.263949
v -0.186697 0.004526 0.261241
v -0.090731 -0.008904 0.311066
v -0.097840 0.010834 0.305343
v -0.094187 -0.002695 0.308298
v -0.096790 0.004530 0.306203
v -0.004215 -0.008784 0.324107
v -0.011925 0.011044 0.320876
v -0.007988 -0.002527 0.322653
v -0.010810 0.004730 0.321470
v 0.119852 -0.008872 0.301208
v 0.111731 0.010800 0.300359
v 0.115882 -0.002694 0.300862
v 0.112910 0.004506 0.300551
v 0.197543 -0.008734 0.258753
v 0.190394 0.010961 0.259688
v 0.194164 -0.002543 0.259251
v 0.191548 0.004665 0.259593
v 0.267724 -0.008761 0.184457
v 0.261046 0.010932 0.187753
v 0.264576 -0.002572 0.186068
v 0.262131 0.004637 0.187275
v 0.311701 -0.008756 0.092861
v 0.306398 0.010939 0.097967
v 0.309221 -0.002566 0.095320
v 0.307280 0.004643 0.097189
v 0.325113 -0.008756 -0.008036
v 0.321647 0.010939 -0.001518
v 0.323514 -0.002566 -0.004919
v 0.322245 0.004643 -0.002533
v 0.306725 -0.008757 -0.108097
v 0.305441 0.010939 -0.100838
v 0.306166 -0.002567 -0.104644
v 0.305697 0.004642 -0.101987
v 0.258305 -0.008759 -0.197580
v 0.259328 0.010937 -0.190285
v 0.258841 -0.002569 -0.194126
v 0.259216 0.004641 -0.191456
v 0.184620 -0.008761 -0.267720
v 0.187836 0.010936 -0.261111
v 0.186192 -0.002570 -0.264607
v 0.187369 0.004639 -0.262188
v 0.092813 -0.008769 -0.311625
v 0.097952 0.010930 -0.306335
v 0.095289 -0.002578 -0.309148
v 0.097170 0.004633 -0.307211
v 0.052396 -0.008519 0.318464
v 0.049905 0.010911 0.315158
v 0.051169 -0.002462 0.316934
v 0.050257 0.004650 0.315723
v -0.051786 0.010930 -0.317326
v -0.054322 -0.008445 -0.320781
v -0.052286 0.004676 -0.317897
v -0.053214 -0.002416 -0.319162
v 0.048806 0.010932 -0.317803
v 0.047459 -0.008446 -0.321882
v 0.048507 0.004678 -0.318502
v 0.048014 -0.002415 -0.319995
v -0.147307 0.010926 -0.285789
v -0.150783 -0.008456 -0.288288
v -0.147958 0.004671 -0.286177
v -0.149230 -0.002423 -0.287092
v -0.228407 0.010924 -0.226280
v -0.232479 -0.008460 -0.227580
v -0.229145 0.004669 -0.226447
v -0.230635 -0.002426 -0.226923
v -0.287149 0.010922 -0.144623
v -0.291420 -0.008463 -0.144601
v -0.287902 0.004667 -0.144554
v -0.289465 -0.002429 -0.144546
v -0.317784 0.010921 -0.048811
v -0.321837 -0.008465 -0.047471
v -0.318478 0.004666 -0.048513
v -0.319962 -0.002430 -0.048023
v -0.317315 0.010921 0.051779
v -0.320755 -0.008465 0.054306
v -0.317883 0.004666 0.052277
v -0.319142 -0.002430 0.053202
v -0.285783 0.010922 0.147300
v -0.288276 -0.008463 0.150769
v -0.286170 0.004667 0.147950
v -0.287082 -0.002428 0.149219
v -0.226286 0.010924 0.228418
v -0.227587 -0.008460 0.232491
v -0.226454 0.004669 0.229156
v -0.226930 -0.002426 0.230647
v -0.144606 0.010928 0.287089
v -0.144585 -0.008454 0.291374
v -0.144537 0.004673 0.287845
v -0.144530 -0.002421 0.289413
v -0.048771 0.010924 0.318213
v -0.047426 -0.008464 0.322275
v -0.048472 0.004669 0.318909
v -0.047980 -0.002428 0.320396
v 0.025526 -0.008260 0.322513
v 0.025227 0.011063 0.318511
v 0.025422 -0.002256 0.320661
v 0.025312 0.004817 0.319196
v 0.147415 0.010926 0.286204
v 0.150908 -0.008452 0.288705
v 0.148070 0.004673 0.286592
v 0.149348 -0.002420 0.287508
v 0.228392 0.010936 0.226230
v 0.232498 -0.008432 0.227544
v 0.229137 0.004684 0.226400
v 0.230639 -0.002405 0.226881
v 0.287190 0.010937 0.144632
v 0.291504 -0.008434 0.144613
v 0.287951 0.004685 0.144564
v 0.289530 -0.002406 0.144557
v 0.317816 0.010939 0.048802
v 0.321915 -0.008431 0.047449
v 0.318519 0.004686 0.048501
v 0.320019 -0.002404 0.048006
v 0.317344 0.010939 -0.051797
v 0.320824 -0.008431 -0.054350
v 0.317920 0.004686 -0.052300
v 0.319193 -0.002404 -0.053235
v 0.285804 0.010938 -0.147325
v 0.288323 -0.008433 -0.150826
v 0.286196 0.004685 -0.147981
v 0.287118 -0.002405 -0.149263
v 0.226289 0.010937 -0.228430
v 0.227601 -0.008436 -0.232534
v 0.226458 0.004683 -0.229174
v 0.226939 -0.002408 -0.230676
v 0.144624 0.010934 -0.287172
v 0.144604 -0.008440 -0.291475
v 0.144556 0.004681 -0.287931
v 0.144548 -0.002411 -0.289506
v 0.074683 -0.008753 0.313538
v 0.074316 0.010763 0.310152
v 0.074492 -0.002654 0.311946
v 0.074357 0.004490 0.310707
v -0.050077 0.050000 -0.316171
v -0.000009 0.050000 -0.320264
v -0.145328 0.050000 -0.285222
v -0.098885 0.050000 -0.304338
v -0.226354 0.050000 -0.226354
v -0.188091 0.050000 -0.258885
v -0.285222 0.050000 -0.145328
v -0.258885 0.050000 -0.188091
v -0.316171 0.050000 -0.050077
v -0.304338 0.050000 -0.098885
v -0.316172 0.050000 0.050077
v -0.320000 0.050000 0.000000
v -0.285221 0.050000 0.145327
v -0.304338 0.050000 0.098885
v -0.226360 0.050000 0.226364
v -0.258885 0.050000 0.188091
v -0.145310 0.050000 0.285152
v -0.188091 0.050000 0.258885
v -0.050040 0.050000 0.316596
v -0.098885 0.050000 0.304338
v 0.024745 0.050000 0.316924
v -0.012795 0.050000 0.319153
v 0.145424 0.050000 0.285637
v 0.110757 0.050000 0.299521
v 0.226315 0.050000 0.226293
v 0.188306 0.050000 0.259367
v 0.285232 0.050000 0.145336
v 0.259010 0.050000 0.188149
v 0.316169 0.050000 0.050076
v 0.304571 0.050000 0.098968
v 0.316172 0.050000 -0.050077
v 0.320220 0.050000 -0.000001
v 0.285222 0.050000 -0.145328
v 0.304553 0.050000 -0.098955
v 0.226354 0.050000 -0.226354
v 0.259067 0.050000 -0.188223
v 0.145328 0.050000 -0.285222
v 0.188224 0.050000 -0.259068
v 0.050077 0.050000 -0.316171
v 0.098954 0.050000 -0.304545
v 0.074401 0.050000 0.309059
v 0.049709 0.050000 0.313847
v -0.048481 0.025000 -0.306268
v -0.000009 0.025000 -0.310231
v -0.140773 0.025000 -0.276283
v -0.095786 0.025000 -0.294800
v -0.219259 0.025000 -0.219259
v -0.182196 0.025000 -0.250772
v -0.276283 0.025000 -0.140773
v -0.250772 0.025000 -0.182196
v -0.306262 0.025000 -0.048507
v -0.294800 0.025000 -0.095786
v -0.306262 0.025000 0.048507
v -0.309971 0.025000 0.000000
v -0.276281 0.025000 0.140772
v -0.294800 0.025000 0.095786
v -0.219266 0.025000 0.219270
v -0.250771 0.025000 0.182197
v -0.140755 0.025000 0.276214
v -0.182203 0.025000 0.250767
v -0.048468 0.025000 0.306680
v -0.095742 0.025000 0.294817
v 0.023836 0.025000 0.306960
v -0.012749 0.025000 0.309132
v 0.140921 0.025000 0.276668
v 0.107617 0.025000 0.290006
v 0.219198 0.025000 0.219229
v 0.182371 0.025000 0.251275
v 0.276300 0.025000 0.140773
v 0.250899 0.025000 0.182247
v 0.306263 0.025000 0.048510
v 0.295029 0.025000 0.095869
v 0.306266 0.025000 -0.048508
v 0.310187 0.025000 -0.000002
v 0.276286 0.025000 -0.140775
v 0.295011 0.025000 -0.095855
v 0.219262 0.025000 -0.219262
v 0.250950 0.025000 -0.182326
v 0.140775 0.025000 -0.276286
v 0.182327 0.025000 -0.250952
v 0.048503 0.025000 -0.306267
v 0.095854 0.025000 -0.295003
v 0.072178 0.025000 0.299304
v 0.048144 0.025000 0.303964
v -0.000523 0.036983 -0.320780
v -0.001037 0.023965 -0.321296
v -0.051216 0.023953 -0.316941
v -0.050646 0.036977 -0.316556
v 0.049653 0.036977 -0.316715
v 0.049230 0.023955 -0.317259
v -0.099360 0.036944 -0.304396
v -0.099836 0.023888 -0.304454
v -0.146647 0.023951 -0.285600
v -0.145988 0.036975 -0.285411
v -0.188560 0.036943 -0.258793
v -0.189028 0.023886 -0.258701
v -0.227722 0.023949 -0.226304
v -0.227038 0.036975 -0.226329
v -0.259301 0.036942 -0.187858
v -0.259717 0.023885 -0.187626
v -0.286507 0.023948 -0.144858
v -0.285864 0.036974 -0.145093
v -0.304661 0.036942 -0.098535
v -0.304984 0.023884 -0.098186
v -0.317247 0.023947 -0.049233
v -0.316709 0.036974 -0.049655
v -0.320199 0.036942 0.000433
v -0.320398 0.023884 0.000865
v -0.316934 0.023947 0.051211
v -0.316553 0.036974 0.050644
v -0.304394 0.036942 0.099358
v -0.304449 0.023884 0.099831
v -0.285596 0.023948 0.146642
v -0.285408 0.036974 0.145984
v -0.258793 0.036943 0.188559
v -0.258700 0.023885 0.189027
v -0.226311 0.023949 0.227733
v -0.226336 0.036975 0.227049
v -0.187858 0.036943 0.259302
v -0.187625 0.023886 0.259718
v -0.144840 0.023952 0.286444
v -0.145075 0.036976 0.285798
v -0.098537 0.036945 0.304673
v -0.098188 0.023889 0.305008
v -0.049194 0.023950 0.317674
v -0.049617 0.036975 0.317135
v -0.012505 0.037015 0.319727
v -0.012215 0.024029 0.320301
v 0.025066 0.024042 0.317982
v 0.024906 0.037021 0.317453
v 0.111082 0.036933 0.299800
v 0.111406 0.023867 0.300079
v 0.146752 0.023951 0.286015
v 0.146088 0.036975 0.285826
v 0.074373 0.036921 0.309423
v 0.074344 0.023842 0.309787
v 0.189002 0.036987 0.259474
v 0.189698 0.023974 0.259581
v 0.227700 0.023957 0.226251
v 0.227007 0.036979 0.226272
v 0.259689 0.036977 0.188017
v 0.260367 0.023955 0.187885
v 0.286537 0.023958 0.144867
v 0.285884 0.036979 0.145101
v 0.305180 0.036980 0.098634
v 0.305789 0.023959 0.098301
v 0.317267 0.023959 0.049226
v 0.316718 0.036980 0.049651
v 0.320696 0.036980 -0.000507
v 0.321171 0.023959 -0.001012
v 0.316953 0.023959 -0.051224
v 0.316562 0.036980 -0.050650
v 0.304849 0.036980 -0.099583
v 0.305145 0.023959 -0.100210
v 0.285610 0.023959 -0.146659
v 0.285416 0.036979 -0.145994
v 0.259154 0.036979 -0.188911
v 0.259241 0.023958 -0.189598
v 0.226310 0.023958 -0.227738
v 0.226332 0.036979 -0.227046
v 0.188095 0.036979 -0.259749
v 0.187965 0.023957 -0.260430
v 0.144859 0.023956 -0.286522
v 0.145093 0.036978 -0.285872
v 0.098620 0.036977 -0.305142
v 0.098286 0.023953 -0.305738
v 0.049774 0.036970 0.314284
v 0.049840 0.023941 0.314721
v -0.391102 -0.700000 -0.194850
v -0.397083 -0.700000 -0.195254
v -0.432172 -0.700000 -0.064455
v -0.437985 -0.700000 -0.062992
v 0.194853 -0.700000 -0.391101
v 0.195254 -0.700000 -0.397083
v 0.064458 -0.700000 -0.432172
v 0.062992 -0.700000 -0.437985
v 0.201845 -0.700000 0.387548
v 0.206480 -0.700000 0.391363
v 0.311748 -0.700000 0.306171
v 0.317312 -0.700000 0.308403
v -0.430938 -0.700000 0.072248
v -0.436014 -0.700000 0.075436
v -0.072246 -0.700000 -0.430939
v -0.075436 -0.700000 -0.436014
v 0.391101 -0.700000 0.194855
v 0.397083 -0.700000 0.195254
v -0.387521 -0.700000 0.201879
v -0.391363 -0.700000 0.206480
v 0.432173 -0.700000 0.064461
v 0.437985 -0.700000 0.062992
v -0.306171 -0.700000 0.311748
v -0.308403 -0.700000 0.317312
v 0.430940 -0.700000 -0.072243
v 0.436014 -0.700000 -0.075436
v -0.194851 -0.700000 0.391102
v -0.195254 -0.700000 0.397083
v -0.201878 -0.700000 -0.387522
v -0.206480 -0.700000 -0.391363
v 0.387524 -0.700000 -0.201875
v 0.391363 -0.700000 -0.206480
v -0.064458 -0.700000 0.432172
v -0.062992 -0.700000 0.437985
v -0.311748 -0.700000 -0.306171
v -0.317312 -0.700000 -0.308403
v 0.306174 -0.700000 -0.311746
v 0.308403 -0.700000 -0.317312
v 0.072249 -0.700000 0.430938
v 0.075436 -0.700000 0.436014
v -0.105489 -0.700000 0.453348
v -0.104606 -0.700000 0.460590
v -0.304761 -0.700000 -0.351814
v -0.311139 -0.700000 -0.355357
v 0.351811 -0.700000 -0.304762
v 0.355357 -0.700000 -0.311139
v 0.039767 -0.700000 0.463757
v 0.042846 -0.700000 0.470372
v 0.453347 -0.700000 0.105486
v 0.460590 -0.700000 0.104607
v 0.304762 -0.700000 0.351811
v 0.311139 -0.700000 0.355357
v -0.351815 -0.700000 0.304761
v -0.355357 -0.700000 0.311139
v -0.398562 -0.700000 -0.240419
v -0.405722 -0.700000 -0.241817
v -0.453348 -0.700000 -0.105490
v -0.460590 -0.700000 -0.104606
v 0.105487 -0.700000 -0.453347
v 0.104607 -0.700000 -0.460590
v -0.463758 -0.700000 0.039765
v -0.470372 -0.700000 0.042844
v 0.181130 -0.700000 0.428770
v 0.186100 -0.700000 0.434111
v -0.039767 -0.700000 -0.463757
v -0.042843 -0.700000 -0.470373
v 0.240416 -0.700000 -0.398562
v 0.241817 -0.700000 -0.405722
v 0.398562 -0.700000 0.240415
v 0.405722 -0.700000 0.241817
v 0.428768 -0.700000 -0.181131
v 0.434112 -0.700000 -0.186100
v 0.463755 -0.700000 -0.039769
v 0.470373 -0.700000 -0.042843
v -0.240419 -0.700000 0.398562
v -0.241817 -0.700000 0.405722
v -0.181129 -0.700000 -0.428771
v -0.186100 -0.700000 -0.434111
v -0.428772 -0.700000 0.181128
v -0.434111 -0.700000 0.186100
v -0.133355 -0.700000 -0.442593
v 0.009941 -0.700000 -0.462140
v -0.263596 -0.700000 -0.379722
v -0.368036 -0.700000 -0.279681
v -0.436449 -0.700000 -0.152263
v -0.462140 -0.700000 -0.009941
v -0.442593 -0.700000 0.133355
v -0.379722 -0.700000 0.263596
v -0.279681 -0.700000 0.368036
v -0.152263 -0.700000 0.436449
v -0.009941 -0.700000 0.462140
v 0.133355 -0.700000 0.442593
v 0.263596 -0.700000 0.379722
v 0.368036 -0.700000 0.279681
v 0.436449 -0.700000 0.152263
v 0.462140 -0.700000 0.009941
v 0.442593 -0.700000 -0.133355
v 0.379722 -0.700000 -0.263596
v 0.279681 -0.700000 -0.368036
v 0.152263 -0.700000 -0.436449
v -0.383602 -0.690000 -0.184320
v -0.406782 -0.690000 -0.185886
v -0.421786 -0.690000 -0.056758
v -0.444314 -0.690000 -0.051086
v 0.184328 -0.690000 -0.383600
v 0.185881 -0.690000 -0.406781
v 0.056766 -0.690000 -0.421786
v 0.051082 -0.690000 -0.444313
v 0.201921 -0.690000 0.374657
v 0.219868 -0.690000 0.389432
v 0.307869 -0.690000 0.293840
v 0.329431 -0.690000 0.302490
v -0.418681 -0.690000 0.076358
v -0.438355 -0.690000 0.088715
v -0.076353 -0.690000 -0.418683
v -0.088718 -0.690000 -0.438353
v 0.383599 -0.690000 0.184332
v 0.406781 -0.690000 0.185878
v -0.374594 -0.690000 0.202000
v -0.389485 -0.690000 0.219832
v 0.421786 -0.690000 0.056771
v 0.444312 -0.690000 0.051079
v -0.293839 -0.690000 0.307869
v -0.302490 -0.690000 0.329431
v 0.418686 -0.690000 -0.076347
v 0.438350 -0.690000 -0.088721
v -0.184322 -0.690000 0.383602
v -0.185885 -0.690000 0.406782
v -0.201998 -0.690000 -0.374596
v -0.219833 -0.690000 -0.389484
v 0.374601 -0.690000 -0.201991
v 0.389479 -0.690000 -0.219836
v -0.056765 -0.690000 0.421786
v -0.051082 -0.690000 0.444313
v -0.307869 -0.690000 -0.293839
v -0.329431 -0.690000 -0.302490
v 0.293847 -0.690000 -0.307864
v 0.302484 -0.690000 -0.329432
v 0.076361 -0.690000 0.418680
v 0.088714 -0.690000 0.438356
v -0.055434 -0.690000 0.445886
v -0.053715 -0.690000 0.451422
v -0.328146 -0.690000 -0.306935
v -0.333635 -0.690000 -0.308795
v 0.306930 -0.690000 -0.328147
v 0.308794 -0.690000 -0.333636
v 0.085062 -0.690000 0.441196
v 0.088411 -0.690000 0.445926
v 0.445885 -0.690000 0.055431
v 0.451422 -0.690000 0.053713
v 0.328146 -0.690000 0.306935
v 0.333636 -0.690000 0.308794
v -0.306935 -0.690000 0.328146
v -0.308796 -0.690000 0.333635
v -0.406933 -0.690000 -0.190511
v -0.412729 -0.690000 -0.190583
v -0.445888 -0.690000 -0.055437
v -0.451422 -0.690000 -0.053715
v 0.055434 -0.690000 -0.445886
v 0.053714 -0.690000 -0.451422
v -0.441195 -0.690000 0.085063
v -0.445927 -0.690000 0.088410
v 0.217269 -0.690000 0.393268
v 0.221884 -0.690000 0.396780
v -0.085065 -0.690000 -0.441193
v -0.088412 -0.690000 -0.445926
v 0.190506 -0.690000 -0.406933
v 0.190581 -0.690000 -0.412729
v 0.406933 -0.690000 0.190503
v 0.412729 -0.690000 0.190581
v 0.393310 -0.690000 -0.217240
v 0.396779 -0.690000 -0.221885
v 0.441191 -0.690000 -0.085068
v 0.445926 -0.690000 -0.088413
v -0.190509 -0.690000 0.406933
v -0.190583 -0.690000 0.412729
v -0.217237 -0.690000 -0.393314
v -0.221883 -0.690000 -0.396780
v -0.393316 -0.690000 0.217236
v -0.396781 -0.690000 0.221882
v -0.128586 -0.690000 -0.433596
v 0.011696 -0.690000 -0.452109
v -0.256281 -0.690000 -0.372639
v -0.358890 -0.690000 -0.275205
v -0.426367 -0.690000 -0.150833
v -0.452109 -0.690000 -0.011696
v -0.433596 -0.690000 0.128586
v -0.372639 -0.690000 0.256281
v -0.275205 -0.690000 0.358889
v -0.150833 -0.690000 0.426367
v -0.011696 -0.690000 0.452109
v 0.128586 -0.690000 0.433596
v 0.256281 -0.690000 0.372639
v 0.358889 -0.690000 0.275205
v 0.426367 -0.690000 0.150833
v 0.452109 -0.690000 0.011696
v 0.433596 -0.690000 -0.128586
v 0.372639 -0.690000 -0.256281
v 0.275205 -0.690000 -0.358889
v 0.150833 -0.690000 -0.426367
vn -0.7367 0.3292 -0.5907
vn -0.7470 0.2351 -0.6219
vn -0.5616 0.1678 -0.8102
vn -0.6446 0.3276 -0.6908
vn -0.8832 0.3292 -0.3341
vn -0.9025 0.2354 -0.3607
vn -0.7844 0.1679 -0.5971
vn -0.8265 0.3276 -0.4577
vn 0.5967 0.3200 -0.7359
vn 0.6221 0.2345 -0.7470
vn 0.8108 0.1671 -0.5609
vn 0.6954 0.3132 -0.6468
vn 0.3398 0.3201 -0.8843
vn 0.3608 0.2345 -0.9027
vn 0.5975 0.1672 -0.7843
vn 0.4611 0.3136 -0.8301
vn 0.2108 0.3318 0.9195
vn 0.1954 0.2313 0.9531
vn -0.0820 0.1559 0.9844
vn 0.0730 0.3476 0.9348
vn 0.5185 0.3179 0.7937
vn 0.5209 0.2361 0.8203
vn 0.2862 0.1688 0.9432
vn 0.4036 0.3103 0.8607
vn -0.9432 0.3292 -0.0449
vn -0.9697 0.2356 -0.0643
vn -0.9304 0.1681 -0.3258
vn -0.9275 0.3277 -0.1800
vn 0.0507 0.3179 -0.9468
vn 0.0641 0.2346 -0.9700
vn 0.3255 0.1673 -0.9306
vn 0.1817 0.3106 -0.9330
vn 0.7350 0.3213 0.5971
vn 0.7460 0.2354 0.6230
vn 0.5586 0.1673 0.8124
vn 0.6452 0.3148 0.6962
vn -0.9109 0.3294 0.2486
vn -0.9421 0.2358 0.2384
vn -0.9855 0.1681 -0.0228
vn -0.9377 0.3278 0.1152
vn 0.8840 0.3204 0.3404
vn 0.9023 0.2353 0.3611
vn 0.7831 0.1674 0.5990
vn 0.8295 0.3135 0.4623
vn -0.7895 0.3295 0.5178
vn -0.8224 0.2360 0.5177
vn -0.9445 0.1682 0.2824
vn -0.8564 0.3279 0.3989
vn 0.9459 0.3206 0.0505
vn 0.9698 0.2350 0.0647
vn 0.9299 0.1672 0.3276
vn 0.9316 0.3137 0.1834
vn -0.5907 0.3298 0.7364
vn -0.6221 0.2361 0.7465
vn -0.8111 0.1682 0.5602
vn -0.6909 0.3281 0.6442
vn -0.2487 0.3295 -0.9108
vn -0.2388 0.2347 -0.9423
vn 0.0218 0.1675 -0.9856
vn -0.1150 0.3278 -0.9377
vn 0.9152 0.3204 -0.2444
vn 0.9424 0.2348 -0.2384
vn 0.9856 0.1671 0.0237
vn 0.9427 0.3136 -0.1138
vn -0.3360 0.3299 0.8822
vn -0.3619 0.2360 0.9018
vn -0.5997 0.1678 0.7825
vn -0.4623 0.3280 0.8238
vn -0.5181 0.3294 -0.7894
vn -0.5183 0.2349 -0.8223
vn -0.2839 0.1676 -0.9441
vn -0.3994 0.3277 -0.8562
vn 0.7949 0.3203 -0.5154
vn 0.8226 0.2346 -0.5180
vn 0.9446 0.1671 -0.2825
vn 0.8613 0.3135 -0.3998
vn -0.0401 0.3208 0.9463
vn -0.0600 0.2365 0.9698
vn -0.3219 0.1692 0.9315
vn -0.1472 0.3129 0.9383
vn -0.9179 0.0595 0.3924
vn -0.8178 0.1088 0.5651
vn -0.7983 0.1164 0.5909
vn 0.2155 0.0616 -0.9746
vn 0.0152 0.1097 -0.9939
vn -0.0171 0.1170 -0.9930
vn 0.9742 0.0612 0.2171
vn 0.9939 0.1093 0.0171
vn 0.9931 0.1166 -0.0151
vn -0.7416 0.0614 0.6680
vn -0.5748 0.1138 0.8103
vn -0.5458 0.1215 0.8290
vn 0.3946 0.0602 0.9169
vn 0.5682 0.1091 0.8156
vn 0.5940 0.1165 0.7960
vn -0.2206 0.0598 0.9735
vn -0.0202 0.1092 0.9938
vn 0.0123 0.1167 0.9931
vn -0.9738 0.0601 -0.2193
vn -0.9938 0.1094 -0.0189
vn -0.9930 0.1170 0.0136
vn -0.0957 0.0613 -0.9935
vn -0.2923 0.1097 -0.9500
vn -0.3228 0.1170 -0.9392
vn -0.3974 0.0611 -0.9156
vn -0.5711 0.1097 -0.8136
vn -0.5967 0.1170 -0.7939
vn 0.9152 0.0616 -0.3983
vn 0.8132 0.1095 -0.5715
vn 0.7936 0.1167 -0.5971
vn -0.6603 0.0607 -0.7486
vn -0.7940 0.1096 -0.5979
vn -0.8124 0.1171 -0.5712
vn -0.5123 0.0594 0.8567
vn -0.3300 0.1086 0.9377
vn -0.2991 0.1162 0.9471
vn 0.7471 0.0617 -0.6618
vn 0.5965 0.1096 -0.7951
vn 0.5699 0.1168 -0.8134
vn 0.9935 0.0615 -0.0953
vn 0.9503 0.1094 -0.2916
vn 0.9395 0.1166 -0.3220
vn 0.0912 0.0599 0.9940
vn 0.2877 0.1091 0.9515
vn 0.3183 0.1166 0.9408
vn 0.8590 0.0609 0.5083
vn 0.9397 0.1092 0.3242
vn 0.9489 0.1165 0.2933
vn 0.6592 0.0606 0.7495
vn 0.7929 0.1091 0.5995
vn 0.8113 0.1165 0.5729
vn -0.9940 0.0599 0.0918
vn -0.9511 0.1094 0.2890
vn -0.9403 0.1170 0.3197
vn 0.5059 0.0617 -0.8604
vn 0.3214 0.1096 -0.9406
vn 0.2905 0.1169 -0.9497
vn -0.8588 0.0604 -0.5087
vn -0.9397 0.1095 -0.3241
vn -0.9489 0.1170 -0.2930
vn 0.6097 -0.1156 0.7842
vn 0.6074 -0.1432 0.7814
vn 0.6073 -0.1444 0.7813
vn -0.2788 0.1223 -0.9525
vn -0.4494 0.1224 -0.8849
vn -0.4204 0.1530 -0.8944
vn -0.2599 0.1540 -0.9533
vn -0.1541 0.1224 -0.9804
vn -0.3277 0.1186 -0.9373
vn -0.2919 0.1470 -0.9451
vn -0.1236 0.1529 -0.9805
vn 0.8221 -0.1155 0.5575
vn 0.8190 -0.1433 0.5556
vn 0.8189 -0.1445 0.5555
vn -0.5594 0.1223 -0.8198
vn -0.7008 0.1223 -0.7028
vn -0.6761 0.1530 -0.7208
vn -0.5416 0.1540 -0.8264
vn -0.6013 0.1185 -0.7902
vn -0.5696 0.1471 -0.8087
vn 0.9542 -0.1154 0.2762
vn 0.9506 -0.1433 0.2753
vn 0.9504 -0.1445 0.2753
vn -0.7853 0.1220 -0.6069
vn -0.8837 0.1221 -0.4519
vn -0.8657 0.1531 -0.4766
vn -0.7704 0.1541 -0.6186
vn -0.8160 0.1184 -0.5658
vn -0.7915 0.1471 -0.5932
vn 0.9341 -0.3558 -0.0304
vn 0.9629 -0.2680 -0.0311
vn 0.9655 -0.2584 -0.0311
vn -0.9345 0.1217 -0.3346
vn -0.9801 0.1217 -0.1567
vn -0.9706 0.1531 -0.1858
vn -0.9239 0.1541 -0.3504
vn -0.9509 0.1181 -0.2860
vn -0.9361 0.1471 -0.3196
vn 0.9343 -0.1147 -0.3374
vn 0.9309 -0.1433 -0.3360
vn 0.9307 -0.1446 -0.3359
vn -0.9922 0.1213 -0.0295
vn -0.9806 0.1213 0.1538
vn -0.9805 0.1531 0.1233
vn -0.9869 0.1541 -0.0477
vn -0.9928 0.1178 0.0219
vn -0.9890 0.1472 -0.0146
vn 0.7843 -0.1143 -0.6097
vn 0.7815 -0.1433 -0.6073
vn 0.7813 -0.1446 -0.6072
vn -0.9528 0.1208 0.2786
vn -0.8851 0.1209 0.4494
vn -0.8944 0.1531 0.4204
vn -0.9533 0.1540 0.2596
vn -0.9375 0.1174 0.3277
vn -0.9451 0.1471 0.2918
vn 0.5575 -0.1139 -0.8223
vn 0.5555 -0.1432 -0.8191
vn 0.5554 -0.1445 -0.8190
vn -0.8200 0.1204 0.5595
vn -0.7028 0.1205 0.7011
vn -0.7206 0.1530 0.6763
vn -0.8264 0.1540 0.5416
vn -0.7903 0.1170 0.6015
vn -0.8085 0.1471 0.5697
vn 0.2760 -0.1135 -0.9544
vn 0.2750 -0.1432 -0.9507
vn 0.2750 -0.1445 -0.9505
vn -0.6069 0.1200 0.7856
vn -0.4517 0.1201 0.8841
vn -0.4762 0.1530 0.8660
vn -0.6185 0.1540 0.7706
vn -0.5656 0.1166 0.8164
vn -0.5928 0.1471 0.7918
vn -0.0325 -0.1133 -0.9930
vn -0.0324 -0.1431 -0.9892
vn -0.0324 -0.1444 -0.9890
vn -0.3342 0.1198 0.9349
vn -0.1562 0.1199 0.9804
vn -0.1851 0.1530 0.9708
vn -0.3497 0.1540 0.9241
vn -0.2855 0.1163 0.9513
vn -0.3188 0.1470 0.9364
vn -0.3379 -0.1131 -0.9344
vn -0.3366 -0.1430 -0.9307
vn -0.3366 -0.1444 -0.9305
vn -0.0294 0.1193 0.9924
vn 0.1545 0.1194 0.9807
vn 0.1242 0.1526 0.9805
vn -0.0482 0.1535 0.9870
vn 0.0226 0.1161 0.9930
vn -0.0138 0.1470 0.9890
vn -0.6102 -0.1130 -0.7842
vn -0.6079 -0.1430 -0.7810
vn -0.6078 -0.1443 -0.7809
vn 0.2836 0.1221 0.9511
vn 0.4500 0.1221 0.8846
vn 0.4213 0.1553 0.8935
vn 0.2711 0.1568 0.9497
vn 0.3290 0.1157 0.9372
vn 0.2940 0.1466 0.9445
vn -0.7735 -0.3565 -0.5240
vn -0.7975 -0.2690 -0.5400
vn -0.7997 -0.2594 -0.5415
vn 0.5598 0.1193 0.8200
vn 0.7016 0.1196 0.7025
vn 0.6769 0.1525 0.7201
vn 0.5415 0.1534 0.8266
vn 0.5988 0.1182 0.7921
vn 0.5620 0.1492 0.8136
vn -0.9546 -0.1132 -0.2756
vn -0.9509 -0.1429 -0.2744
vn -0.9508 -0.1442 -0.2743
vn 0.7861 0.1199 0.6064
vn 0.8843 0.1201 0.4512
vn 0.8664 0.1528 0.4755
vn 0.7712 0.1538 0.6177
vn 0.8170 0.1159 0.5648
vn 0.7930 0.1466 0.5914
vn -0.9930 -0.1135 0.0329
vn -0.9892 -0.1429 0.0329
vn -0.9890 -0.1442 0.0329
vn 0.9350 0.1201 0.3338
vn 0.9804 0.1204 0.1558
vn 0.9709 0.1527 0.1845
vn 0.9243 0.1537 0.3493
vn 0.9514 0.1164 0.2850
vn 0.9365 0.1468 0.3183
vn -0.9342 -0.1138 0.3381
vn -0.9306 -0.1429 0.3369
vn -0.9304 -0.1442 0.3369
vn 0.9923 0.1206 0.0285
vn 0.9805 0.1208 -0.1547
vn 0.9804 0.1527 -0.1245
vn 0.9870 0.1537 0.0465
vn 0.9929 0.1167 -0.0230
vn 0.9891 0.1468 0.0132
vn -0.7840 -0.1142 0.6101
vn -0.7810 -0.1429 0.6080
vn -0.7809 -0.1442 0.6079
vn 0.9525 0.1210 -0.2795
vn 0.8847 0.1212 -0.4501
vn 0.8940 0.1527 -0.4212
vn 0.9531 0.1537 -0.2607
vn 0.9372 0.1171 -0.3285
vn 0.9448 0.1468 -0.2929
vn -0.5571 -0.1146 0.8225
vn -0.5550 -0.1429 0.8195
vn -0.5549 -0.1442 0.8193
vn 0.8195 0.1214 -0.5600
vn 0.7024 0.1217 -0.7013
vn 0.7202 0.1528 -0.6767
vn 0.8259 0.1537 -0.5424
vn 0.7898 0.1175 -0.6019
vn 0.8081 0.1468 -0.5704
vn -0.2758 -0.1150 0.9543
vn -0.2747 -0.1430 0.9508
vn -0.2747 -0.1442 0.9507
vn 0.6064 0.1218 -0.7857
vn 0.4514 0.1220 -0.8839
vn 0.4760 0.1528 -0.8661
vn 0.6180 0.1538 -0.7710
vn 0.5653 0.1179 -0.8164
vn 0.5925 0.1469 -0.7921
vn 0.0306 -0.3552 0.9343
vn 0.0315 -0.2673 0.9631
vn 0.0316 -0.2578 0.9657
vn 0.3341 0.1221 -0.9346
vn 0.1563 0.1223 -0.9801
vn 0.1853 0.1529 -0.9707
vn 0.3497 0.1539 -0.9241
vn 0.2855 0.1182 -0.9511
vn 0.3189 0.1469 -0.9363
vn 0.3376 -0.1155 0.9342
vn 0.3363 -0.1431 0.9308
vn 0.3362 -0.1444 0.9306
vn 0.0291 0.1223 -0.9921
vn 0.0472 0.1539 -0.9870
vn -0.0222 0.1185 -0.9927
vn 0.0142 0.1470 -0.9890
vn 0.0787 0.0556 0.9953
vn 0.0491 0.0482 0.9976
vn -0.9235 0.2839 0.2580
vn -0.7448 0.2811 0.6052
vn -0.7789 0.3629 0.5114
vn -0.8830 0.3736 0.2842
vn -0.8510 0.0555 -0.5222
vn -0.8355 0.0482 -0.5474
vn -0.8955 0.2808 0.3454
vn -0.8989 0.3627 0.2457
vn -0.2694 0.0504 0.9617
vn -0.2951 0.0436 0.9545
vn 0.2676 -0.2690 -0.9252
vn 0.2683 -0.2595 -0.9277
vn 0.2595 -0.3566 -0.8975
vn 0.3792 0.0550 0.9237
vn 0.3520 0.0477 0.9348
vn -0.7988 0.2841 0.5303
vn -0.5212 0.2813 0.8058
vn -0.5827 0.3631 0.7271
vn -0.7521 0.3738 0.5428
vn -0.5211 0.0557 0.8517
vn -0.5465 0.0483 0.8361
vn 0.6470 0.0551 0.7605
vn 0.6245 0.0478 0.7795
vn -0.9955 0.0554 0.0765
vn -0.9977 0.0481 0.0470
vn -0.5953 0.2843 0.7515
vn -0.2465 0.2814 0.9274
vn -0.3296 0.3633 0.8714
vn -0.5467 0.3742 0.7491
vn 0.8506 0.0551 0.5230
vn 0.8351 0.0478 0.5480
vn -0.3276 -0.2692 -0.9057
vn -0.3285 -0.2596 -0.9081
vn -0.3177 -0.3567 -0.8786
vn 0.2322 0.0554 -0.9711
vn 0.2607 0.0482 -0.9642
vn 0.5406 -0.2688 -0.7972
vn 0.5420 -0.2593 -0.7994
vn 0.5242 -0.3565 -0.7734
vn -0.3390 0.2837 0.8970
vn 0.0525 0.2811 0.9582
vn -0.0441 0.3629 0.9308
vn -0.2949 0.3736 0.8795
vn -0.7614 0.0552 0.6459
vn -0.7805 0.0478 0.6233
vn -0.5915 -0.2691 -0.7601
vn -0.5931 -0.2596 -0.7621
vn -0.5737 -0.3566 -0.7374
vn 0.0024 0.2898 0.9571
vn 0.3453 0.2842 0.8944
vn 0.2446 0.3576 0.9013
vn 0.0512 0.3689 0.9281
vn 0.9954 0.0551 -0.0781
vn 0.9977 0.0480 -0.0488
vn -0.8194 -0.1442 -0.5548
vn -0.8196 -0.1429 -0.5549
vn 0.2528 0.2834 0.9251
vn 0.6058 0.2808 0.7444
vn 0.5107 0.3583 0.7815
vn 0.2630 0.3836 0.8852
vn 0.5209 0.0553 -0.8518
vn 0.5459 0.0481 -0.8364
vn -0.9254 -0.2688 -0.2671
vn -0.9279 -0.2592 -0.2678
vn -0.8977 -0.3563 -0.2593
vn 0.5305 0.2839 0.7988
vn 0.8063 0.2809 0.5206
vn 0.7288 0.3588 0.5832
vn 0.5504 0.3649 0.7510
vn -0.9628 -0.2685 0.0320
vn -0.9654 -0.2589 0.0321
vn -0.9340 -0.3561 0.0308
vn 0.7509 0.2835 0.5964
vn 0.9278 0.2805 0.2459
vn 0.8728 0.3592 0.3304
vn 0.7526 0.3676 0.5463
vn -0.9058 -0.2682 0.3279
vn -0.9083 -0.2586 0.3288
vn -0.8788 -0.3558 0.3179
vn 0.8987 0.2832 0.3349
vn 0.9585 0.2802 -0.0528
vn 0.9323 0.3590 0.0441
vn 0.8851 0.3668 0.2864
vn -0.7603 -0.2679 0.5918
vn -0.7623 -0.2583 0.5934
vn -0.7377 -0.3556 0.5739
vn -0.9706 0.0554 -0.2343
vn -0.9636 0.0481 -0.2630
vn 0.9583 0.2829 0.0407
vn 0.8953 0.2799 -0.3464
vn 0.9003 0.3589 -0.2461
vn 0.9303 0.3669 -0.0011
vn -0.5403 -0.2676 0.7978
vn -0.5418 -0.2581 0.7999
vn -0.5243 -0.3554 0.7738
vn 0.9240 0.2826 -0.2577
vn 0.7446 0.2797 -0.6061
vn 0.7803 0.3588 -0.5123
vn 0.8844 0.3667 -0.2887
vn -0.2675 -0.2674 0.9257
vn -0.2682 -0.2579 0.9282
vn -0.2596 -0.3553 0.8980
vn 0.7990 0.2824 -0.5309
vn 0.5210 0.2795 -0.8065
vn 0.5838 0.3585 -0.7284
vn 0.7519 0.3665 -0.5480
vn -0.5506 0.2793 0.7866
vn -0.3211 0.2787 -0.9051
vn -0.5315 0.2827 -0.7985
vn -0.5433 0.3734 -0.7519
vn 0.5957 0.2823 -0.7520
vn 0.2465 0.2794 -0.9280
vn 0.3301 0.3584 -0.8733
vn 0.5456 0.3662 -0.7538
vn 0.9060 0.2783 -0.3190
vn -0.2178 0.2868 0.9329
vn 0.3275 -0.2672 0.9063
vn 0.3283 -0.2577 0.9087
vn 0.3177 -0.3552 0.8791
vn 0.7896 0.2790 0.5465
vn -0.0315 -0.2692 -0.9626
vn -0.0316 -0.2596 -0.9652
vn -0.0306 -0.3567 -0.9337
vn 0.3183 0.2796 0.9058
vn -0.9054 0.2800 0.3192
vn -0.5850 0.2790 -0.7615
vn -0.7521 0.2830 -0.5952
vn -0.7491 0.3734 -0.5472
vn -0.7915 0.2793 -0.5436
vn -0.8991 0.2833 -0.3338
vn -0.8815 0.3734 -0.2889
vn 0.5445 0.2782 -0.7913
vn 0.3339 0.2822 -0.8994
vn 0.2859 0.3663 -0.8855
vn 0.0324 -0.1443 0.9890
vn 0.0324 -0.1431 0.9892
vn -0.9206 0.2796 -0.2727
vn -0.9581 0.2836 -0.0398
vn -0.9276 0.3735 -0.0024
vn 0.0160 0.2790 0.9602
vn -0.9233 0.0554 0.3800
vn -0.9345 0.0480 0.3526
vn 0.7627 0.2782 -0.5838
vn 0.5817 0.2792 0.7640
vn 0.9602 0.2784 -0.0228
vn 0.9200 0.2787 0.2755
vn -0.7620 0.2802 0.5838
vn -0.0255 0.2785 -0.9601
vn -0.2587 0.2825 -0.9237
vn -0.2843 0.3736 -0.8830
vn -0.9597 0.2798 0.0246
vn 0.5914 -0.2673 0.7608
vn 0.5930 -0.2578 0.7628
vn 0.5738 -0.3553 0.7379
vn 0.0395 0.2823 -0.9585
vn -0.3458 0.2795 -0.8957
vn -0.2493 0.3606 -0.8988
vn -0.0027 0.3645 -0.9312
vn -0.0522 0.2794 -0.9588
vn 0.0450 0.3576 -0.9328
vn 0.9707 0.0551 0.2339
vn 0.9638 0.0479 0.2624
vn 0.7975 -0.2675 0.5409
vn 0.7996 -0.2579 0.5423
vn 0.7737 -0.3554 0.5245
vn -0.6055 0.2796 -0.7451
vn -0.5118 0.3628 -0.7788
vn -0.0791 0.0554 -0.9953
vn -0.0498 0.0482 -0.9976
vn 0.9255 -0.2677 0.2680
vn 0.9280 -0.2582 0.2687
vn 0.8978 -0.3556 0.2598
vn -0.8060 0.2799 -0.5216
vn -0.7273 0.3626 -0.5826
vn -0.9276 0.2802 -0.2470
vn -0.8718 0.3626 -0.3295
vn 0.9890 -0.1445 -0.0319
vn 0.9892 -0.1433 -0.0319
vn 0.9061 -0.2683 -0.3271
vn 0.9086 -0.2587 -0.3280
vn 0.8789 -0.3561 -0.3175
vn 0.2728 0.2783 -0.9209
vn -0.9585 0.2805 0.0517
vn -0.9309 0.3626 -0.0440
vn -0.3825 0.0554 -0.9223
vn -0.3553 0.0482 -0.9335
vn -0.6484 0.0555 -0.7592
vn -0.6260 0.0482 -0.7784
vn 0.7606 -0.2686 -0.5911
vn 0.7626 -0.2590 -0.5927
vn 0.7376 -0.3563 -0.5735
vn 0.9224 0.0552 -0.3823
vn 0.9335 0.0480 -0.3552
vn 0.7588 0.0552 -0.6490
vn 0.7778 0.0481 -0.6266
vn -0.5033 0.0107 -0.8641
vn 0.9771 0.0109 -0.2126
vn 0.9949 0.0108 0.1002
vn 0.8634 0.0110 -0.5045
vn -0.8227 -0.1130 -0.5572
vn 0.6651 0.0111 -0.7467
vn -0.4201 0.0087 0.9074
vn -0.9145 0.0104 -0.4045
vn -0.6673 0.0101 0.7447
vn 0.0325 -0.1153 0.9928
vn -0.9778 0.0101 0.2091
vn -0.8657 0.0100 0.5005
vn -0.1020 0.0102 0.9947
vn -0.7452 0.0105 -0.6668
vn 0.9150 0.0107 0.4034
vn 0.2092 0.0102 0.9778
vn 0.0996 0.0110 -0.9950
vn 0.5019 0.0103 0.8648
vn -0.9947 0.0102 -0.1028
vn 0.9928 -0.1151 -0.0322
vn 0.7451 0.0105 0.6669
vn 0.4019 0.0110 -0.9156
vn -0.2123 0.0108 -0.9772
vn 0.3085 0.0588 0.9494
vn 0.2271 0.0582 0.9721
vn 0.2286 0.1288 0.9650
vn 0.3066 0.1300 0.9429
vn 0.2302 0.2101 0.9502
vn 0.3049 0.2123 0.9284
vn 0.2437 0.2801 0.9285
vn 0.3047 0.3092 0.9009
vn 0.3065 0.0673 -0.9495
vn 0.4488 0.0678 -0.8910
vn 0.4430 0.1426 -0.8851
vn 0.3023 0.1415 -0.9427
vn 0.4319 0.2285 -0.8725
vn 0.2926 0.2271 -0.9289
vn 0.4033 0.3066 -0.8622
vn 0.2744 0.3047 -0.9121
vn 0.5849 0.0678 -0.8082
vn 0.7025 0.0681 -0.7085
vn 0.6951 0.1429 -0.7045
vn 0.5788 0.1419 -0.8031
vn 0.6806 0.2288 -0.6960
vn 0.5653 0.2276 -0.7929
vn 0.6502 0.3069 -0.6950
vn 0.5427 0.3050 -0.7826
vn 0.8061 0.0679 -0.5879
vn 0.8870 0.0682 -0.4568
vn 0.8788 0.1430 -0.4553
vn 0.7986 0.1421 -0.5849
vn 0.8623 0.2291 -0.4516
vn 0.7826 0.2279 -0.5794
vn 0.8330 0.3072 -0.4601
vn 0.7579 0.3054 -0.5765
vn 0.9483 0.0680 -0.3100
vn 0.9847 0.0682 -0.1602
vn 0.9765 0.1431 -0.1614
vn 0.9402 0.1423 -0.3095
vn 0.9596 0.2292 -0.1629
vn 0.9233 0.2281 -0.3091
vn 0.9344 0.3074 -0.1801
vn 0.8989 0.3057 -0.3140
vn 0.9977 0.0680 -0.0018
vn 0.9861 0.0683 0.1516
vn 0.9786 0.1432 0.1479
vn 0.9898 0.1423 -0.0037
vn 0.9631 0.2293 0.1413
vn 0.9736 0.2282 -0.0087
vn 0.9443 0.3074 0.1173
vn 0.9519 0.3058 -0.0208
vn 0.9494 0.0680 0.3065
vn 0.8903 0.0681 0.4502
vn 0.8843 0.1429 0.4445
vn 0.9426 0.1423 0.3022
vn 0.8716 0.2290 0.4333
vn 0.9286 0.2281 0.2925
vn 0.8614 0.3073 0.4044
vn 0.9118 0.3056 0.2743
vn 0.8078 0.0678 0.5856
vn 0.7115 0.0686 0.6993
vn 0.7077 0.1434 0.6918
vn 0.8026 0.1421 0.5794
vn 0.6990 0.2294 0.6774
vn 0.7924 0.2279 0.5659
vn 0.6972 0.3067 0.6480
vn 0.7818 0.3060 0.5433
vn 0.5913 0.0686 0.8035
vn 0.4472 0.0653 0.8920
vn 0.4451 0.1395 0.8846
vn 0.5881 0.1426 0.7961
vn 0.4412 0.2249 0.8688
vn 0.5825 0.2279 0.7802
vn 0.4536 0.3045 0.8376
vn 0.5798 0.3033 0.7562
vn 0.1673 0.0665 0.9837
vn 0.0987 0.0730 0.9924
vn 0.0996 0.1495 0.9837
vn 0.1702 0.1431 0.9750
vn 0.0984 0.2363 0.9667
vn 0.1731 0.2311 0.9574
vn 0.1134 0.3190 0.9409
vn 0.1825 0.3063 0.9343
vn -0.0072 0.0712 0.9974
vn -0.1632 0.0635 0.9846
vn -0.1605 0.1360 0.9776
vn -0.0056 0.1403 0.9901
vn -0.1525 0.2201 0.9635
vn -0.0005 0.2207 0.9753
vn -0.1224 0.3061 0.9441
vn 0.0219 0.2997 0.9538
vn -0.3112 0.0579 0.9486
vn -0.4501 0.0584 0.8910
vn -0.4447 0.1355 0.8854
vn -0.3067 0.1338 0.9424
vn -0.4337 0.2244 0.8727
vn -0.2968 0.2218 0.9288
vn -0.4034 0.3098 0.8610
vn -0.2792 0.3087 0.9092
vn -0.5848 0.0579 0.8091
vn -0.7032 0.0582 0.7086
vn -0.6963 0.1354 0.7049
vn -0.5787 0.1343 0.8044
vn -0.6819 0.2243 0.6962
vn -0.5651 0.2228 0.7943
vn -0.6496 0.3096 0.6944
vn -0.5424 0.3095 0.7810
vn -0.8067 0.0578 0.5881
vn -0.8878 0.0581 0.4566
vn -0.8801 0.1352 0.4552
vn -0.7995 0.1340 0.5856
vn -0.8638 0.2240 0.4514
vn -0.7835 0.2223 0.5802
vn -0.8325 0.3093 0.4597
vn -0.7578 0.3089 0.5747
vn -0.9489 0.0577 0.3101
vn -0.9854 0.0580 0.1599
vn -0.9777 0.1351 0.1610
vn -0.9413 0.1339 0.3100
vn -0.9610 0.2239 0.1624
vn -0.9245 0.2221 0.3099
vn -0.9338 0.3091 0.1800
vn -0.8983 0.3087 0.3125
vn -0.9983 0.0576 0.0017
vn -0.9866 0.0580 -0.1524
vn -0.9796 0.1351 -0.1490
vn -0.9910 0.1338 0.0040
vn -0.9641 0.2239 -0.1425
vn -0.9750 0.2221 0.0090
vn -0.9438 0.3091 -0.1174
vn -0.9510 0.3086 0.0197
vn -0.9500 0.0577 -0.3068
vn -0.8912 0.0581 -0.4498
vn -0.8856 0.1352 -0.4444
vn -0.9437 0.1339 -0.3024
vn -0.8729 0.2240 -0.4334
vn -0.9301 0.2221 -0.2927
vn -0.8613 0.3093 -0.4032
vn -0.9105 0.3087 -0.2751
vn -0.8087 0.0577 -0.5854
vn -0.7086 0.0582 -0.7032
vn -0.7049 0.1353 -0.6963
vn -0.8041 0.1340 -0.5792
vn -0.6962 0.2242 -0.6819
vn -0.7941 0.2223 -0.5657
vn -0.6945 0.3096 -0.6495
vn -0.7809 0.3089 -0.5429
vn -0.5882 0.0579 -0.8066
vn -0.4566 0.0583 -0.8877
vn -0.4553 0.1355 -0.8800
vn -0.5857 0.1342 -0.7993
vn -0.4514 0.2245 -0.8636
vn -0.5804 0.2225 -0.7833
vn -0.4598 0.3100 -0.8322
vn -0.5749 0.3092 -0.7576
vn -0.0019 0.0690 -0.9976
vn 0.1537 0.0683 -0.9858
vn 0.1503 0.1426 -0.9783
vn -0.0038 0.1425 -0.9898
vn 0.1438 0.2280 -0.9630
vn -0.0087 0.2273 -0.9738
vn 0.1193 0.3054 -0.9447
vn -0.0210 0.3029 -0.9528
vn -0.3102 0.0580 -0.9489
vn -0.1715 0.0645 -0.9831
vn -0.1742 0.1405 -0.9746
vn -0.3101 0.1344 -0.9412
vn -0.1762 0.2281 -0.9576
vn -0.3099 0.2228 -0.9243
vn -0.1903 0.3087 -0.9319
vn -0.3127 0.3097 -0.8980
vn -0.0016 0.0379 -0.9993
vn -0.1635 0.0322 -0.9860
vn -0.1593 0.0322 -0.9867
vn 0.0012 0.0379 -0.9993
vn 0.1557 0.0369 -0.9871
vn 0.1581 0.0368 -0.9867
vn -0.3104 0.0257 -0.9503
vn -0.4551 0.0257 -0.8901
vn -0.4527 0.0257 -0.8913
vn -0.3081 0.0257 -0.9510
vn -0.5888 0.0256 -0.8078
vn -0.7079 0.0256 -0.7059
vn -0.7060 0.0256 -0.7078
vn -0.5869 0.0256 -0.8092
vn -0.8097 0.0255 -0.5863
vn -0.8914 0.0255 -0.4526
vn -0.8901 0.0255 -0.4550
vn -0.8083 0.0255 -0.5882
vn -0.9512 0.0255 -0.3075
vn -0.9876 0.0255 -0.1550
vn -0.9872 0.0255 -0.1577
vn -0.9505 0.0255 -0.3097
vn -0.9997 0.0255 0.0015
vn -0.9871 0.0255 0.1578
vn -0.9876 0.0255 0.1551
vn -0.9997 0.0255 -0.0008
vn -0.9503 0.0255 0.3104
vn -0.8901 0.0256 0.4551
vn -0.8913 0.0255 0.4527
vn -0.9510 0.0255 0.3082
vn -0.8079 0.0256 0.5887
vn -0.7059 0.0256 0.7079
vn -0.7078 0.0256 0.7060
vn -0.8093 0.0255 0.5868
vn -0.5857 0.0256 0.8101
vn -0.4527 0.0259 0.8913
vn -0.4550 0.0258 0.8901
vn -0.5876 0.0256 0.8087
vn -0.3119 0.0259 0.9498
vn -0.1589 0.0331 0.9867
vn -0.1598 0.0329 0.9866
vn -0.3141 0.0258 0.9490
vn -0.0045 0.0422 0.9991
vn 0.0936 0.0407 0.9948
vn 0.0920 0.0407 0.9949
vn -0.0055 0.0422 0.9991
vn 0.3126 0.0287 0.9494
vn 0.4484 0.0340 0.8932
vn 0.4465 0.0339 0.8941
vn 0.3123 0.0287 0.9496
vn 0.2238 0.0285 0.9742
vn 0.2231 0.0285 0.9744
vn 0.5923 0.0374 0.8049
vn 0.7105 0.0370 0.7027
vn 0.7086 0.0370 0.7046
vn 0.5900 0.0374 0.8065
vn 0.8090 0.0363 0.5867
vn 0.8906 0.0364 0.4533
vn 0.8894 0.0364 0.4557
vn 0.8073 0.0363 0.5890
vn 0.9509 0.0366 0.3072
vn 0.9873 0.0366 0.1545
vn 0.9869 0.0366 0.1571
vn 0.9501 0.0366 0.3098
vn 0.9993 0.0366 -0.0016
vn 0.9868 0.0366 -0.1578
vn 0.9872 0.0365 -0.1552
vn 0.9993 0.0365 0.0012
vn 0.9499 0.0366 -0.3103
vn 0.8897 0.0365 -0.4551
vn 0.8909 0.0365 -0.4527
vn 0.9508 0.0365 -0.3077
vn 0.8075 0.0365 -0.5887
vn 0.7055 0.0365 -0.7077
vn 0.7074 0.0364 -0.7059
vn 0.8092 0.0365 -0.5864
vn 0.5861 0.0365 -0.8094
vn 0.4521 0.0362 -0.8912
vn 0.4545 0.0362 -0.8900
vn 0.5884 0.0364 -0.8078
vn 0.3073 0.0360 -0.9509
vn 0.3099 0.0360 -0.9501
vn 0.1602 0.0342 0.9865
vn 0.1583 0.0342 0.9868
vn -0.4487 -0.0000 -0.8937
vn -0.5915 -0.0000 -0.8063
vn -0.0000 1.0000 -0.0000
vn -0.3090 -0.0000 0.9511
vn -0.1569 -0.0000 0.9876
vn 0.9510 -0.0000 -0.3090
vn 0.8910 -0.0000 -0.4540
vn -0.7097 -0.0000 -0.7045
vn -0.8086 -0.0000 -0.5884
vn -0.1564 -0.0000 -0.9877
vn -0.2222 -0.0000 -0.9750
vn 0.8091 -0.0000 -0.5877
vn 0.7071 -0.0000 -0.7071
vn -0.8905 -0.0000 -0.4550
vn -0.9511 -0.0000 -0.3089
vn 0.1590 -0.0000 0.9873
vn 0.3090 -0.0000 0.9511
vn 0.5871 -0.0000 -0.8095
vn 0.4540 -0.0000 -0.8910
vn -0.9877 -0.0000 -0.1562
vn -1.0000 -0.0000 -0.0000
vn 0.4540 -0.0000 0.8910
vn 0.5878 -0.0000 0.8090
vn 0.3135 -0.0000 -0.9496
vn 0.1566 -0.0000 -0.9877
vn -0.9877 -0.0000 0.1564
vn -0.9511 -0.0000 0.3090
vn 0.7071 -0.0000 0.7071
vn 0.8090 -0.0000 0.5878
vn 0.0046 -0.0000 -1.0000
vn -0.0908 -0.0000 -0.9959
vn -0.8910 -0.0000 0.4540
vn -0.8090 -0.0000 0.5878
vn 0.8910 -0.0000 0.4540
vn 0.9511 -0.0000 0.3090
vn -0.3134 -0.0000 -0.9496
vn -0.7071 -0.0000 0.7071
vn -0.5878 -0.0000 0.8090
vn 0.9877 -0.0000 0.1564
vn 1.0000 -0.0000 -0.0000
vn -0.4539 -0.0000 0.8910
vn 0.9877 -0.0000 -0.1564
vn -0.0000 -0.0000 1.0000
vn 0.1641 0.0342 0.9859
vn 0.0964 0.0407 0.9945
vn 0.2254 0.0285 0.9738
vn 0.3058 0.0360 -0.9514
vn 0.4506 0.0363 -0.8920
vn 0.1547 0.0369 -0.9873
vn 0.5848 0.0365 -0.8103
vn 0.7044 0.0365 -0.7088
vn 0.8066 0.0365 -0.5899
vn 0.8890 0.0366 -0.4565
vn 0.9494 0.0366 -0.3118
vn 0.9865 0.0366 -0.1594
vn 0.9993 0.0366 -0.0031
vn 0.9876 0.0366 0.1529
vn 0.9514 0.0366 0.3057
vn 0.8913 0.0365 0.4519
vn 0.8099 0.0364 0.5855
vn 0.7118 0.0370 0.7014
vn 0.5935 0.0375 0.8040
vn 0.4483 0.0340 0.8932
vn 0.3120 0.0287 0.9497
vn -0.1613 0.0330 0.9864
vn -0.3105 0.0259 0.9502
vn -0.4515 0.0259 0.8919
vn -0.5845 0.0257 0.8110
vn -0.7048 0.0257 0.7089
vn -0.8071 0.0256 0.5899
vn -0.8894 0.0256 0.4564
vn -0.9498 0.0255 0.3118
vn -0.9869 0.0256 0.1592
vn -0.9997 0.0255 0.0030
vn -0.9878 0.0256 -0.1535
vn -0.9517 0.0255 -0.3060
vn -0.8920 0.0256 -0.4513
vn -0.8105 0.0256 -0.5851
vn -0.7089 0.0257 -0.7048
vn -0.5900 0.0257 -0.8070
vn -0.4564 0.0258 -0.8894
vn -0.3118 0.0258 -0.9498
vn -0.1681 0.0323 -0.9852
vn -0.0032 0.0380 -0.9993
vn -0.4395 -0.0000 0.8982
vn -0.6009 -0.0000 0.7993
vn -0.0000 -1.0000 -0.0000
vn 0.4683 -0.0000 0.8836
vn 0.2934 -0.0000 0.9560
vn -0.5477 -0.0000 0.8367
vn -0.6956 -0.0000 0.7184
vn 0.3549 -0.0000 0.9349
vn 0.1724 -0.0000 0.9850
vn -0.0327 -0.0000 -0.9995
vn -0.8278 -0.0000 -0.5610
vn -0.1405 -0.0000 0.9901
vn -0.3245 -0.0000 0.9459
vn 0.7184 -0.0000 0.6956
vn 0.5745 -0.0000 0.8185
vn -0.2624 -0.0000 0.9650
vn 0.6264 -0.0000 0.7795
vn -0.3400 -0.0000 -0.9404
vn -0.9607 -0.0000 -0.2777
vn -0.0164 -0.0000 0.9999
vn 0.8982 -0.0000 0.4395
vn 0.7993 -0.0000 0.6009
vn 0.0486 -0.0000 0.9988
vn 0.8367 -0.0000 0.5477
vn -0.9995 -0.0000 0.0327
vn 0.9901 -0.0000 0.1405
vn 0.9459 -0.0000 0.3245
vn 0.9650 -0.0000 0.2624
vn -0.0674 -0.0000 0.9977
vn -0.9404 -0.0000 0.3400
vn 0.2442 -0.0000 0.9697
vn 0.9850 -0.0000 -0.1724
vn 0.9999 -0.0000 0.0164
vn -0.9978 -0.0000 -0.0668
vn 0.9988 -0.0000 -0.0486
vn -0.9696 -0.0000 0.2447
vn -0.7894 -0.0000 0.6139
vn 0.6356 -0.0000 -0.7720
vn 0.8836 -0.0000 -0.4683
vn 0.9560 -0.0000 -0.2934
vn 0.3723 -0.0000 -0.9281
vn 0.9349 -0.0000 -0.3549
vn 0.5319 -0.0000 0.8468
vn -0.5610 -0.0000 0.8278
vn -0.8466 -0.0000 0.5322
vn 0.6956 -0.0000 -0.7184
vn 0.8185 -0.0000 -0.5745
vn 0.0665 -0.0000 -0.9978
vn 0.7795 -0.0000 -0.6264
vn 0.7675 -0.0000 0.6410
vn -0.2777 -0.0000 0.9607
vn -0.2450 -0.0000 -0.9695
vn 0.4395 -0.0000 -0.8982
vn 0.6009 -0.0000 -0.7993
vn 0.9281 -0.0000 0.3724
vn 0.5477 -0.0000 -0.8367
vn -0.5326 -0.0000 -0.8464
vn 0.0327 -0.0000 0.9995
vn 0.9977 -0.0000 0.0672
vn 0.1405 -0.0000 -0.9901
vn 0.3245 -0.0000 -0.9459
vn -0.6408 -0.0000 0.7677
vn 0.2624 -0.0000 -0.9650
vn -0.7681 -0.0000 -0.6404
vn 0.3400 -0.0000 0.9404
vn 0.9696 -0.0000 -0.2446
vn -0.1724 -0.0000 -0.9850
vn 0.0164 -0.0000 -0.9999
vn -0.3724 -0.0000 0.9281
vn -0.0486 -0.0000 -0.9988
vn -0.9283 -0.0000 -0.3718
vn 0.6139 -0.0000 0.7893
vn 0.8469 -0.0000 -0.5317
vn -0.4683 -0.0000 -0.8836
vn -0.2934 -0.0000 -0.9560
vn 0.9550 -0.0000 -0.2966
vn -0.3549 -0.0000 -0.9349
vn -0.3210 -0.0000 0.9471
vn 0.8278 -0.0000 0.5610
vn -0.9469 -0.0000 -0.3215
vn -0.7184 -0.0000 -0.6956
vn -0.5745 -0.0000 -0.8185
vn 0.8161 -0.0000 -0.5779
vn -0.6264 -0.0000 -0.7795
vn -0.2964 -0.0000 -0.9551
vn 0.9607 -0.0000 0.2777
vn 0.3208 -0.0000 -0.9472
vn -0.8982 -0.0000 -0.4395
vn -0.7993 -0.0000 -0.6009
vn 0.9471 -0.0000 0.3210
vn -0.8367 -0.0000 -0.5477
vn -0.0125 -0.0000 0.9999
vn 0.9995 -0.0000 -0.0327
vn 0.2971 -0.0000 0.9548
vn -0.9901 -0.0000 -0.1405
vn -0.9459 -0.0000 -0.3245
vn -0.9550 -0.0000 0.2967
vn -0.9650 -0.0000 -0.2624
vn 0.5776 -0.0000 0.8163
vn 0.9404 -0.0000 -0.3400
vn 0.6056 -0.0000 -0.7958
vn -0.9850 -0.0000 0.1724
vn -0.9999 -0.0000 -0.0164
vn -0.8165 -0.0000 0.5774
vn -0.9988 -0.0000 0.0486
vn -0.9999 -0.0000 -0.0130
vn 0.7893 -0.0000 -0.6139
vn 0.0134 -0.0000 -0.9999
vn -0.8836 -0.0000 0.4683
vn -0.9560 -0.0000 0.2934
vn -0.8012 -0.0000 -0.5984
vn -0.9349 -0.0000 0.3549
vn -0.5770 -0.0000 -0.8167
vn 0.5610 -0.0000 -0.8278
vn 0.9999 -0.0000 0.0127
vn -0.8185 -0.0000 0.5745
vn -0.5980 -0.0000 0.8015
vn -0.7795 -0.0000 0.6264
vn 0.8016 -0.0000 0.5979
vn 0.2777 -0.0000 -0.9607
vn -0.6139 -0.0000 -0.7893
vt 0.645743 0.601475
vt 0.655283 0.551475
vt 0.660256 0.551475
vt 0.652691 0.601475
vt 0.695230 0.601475
vt 0.704860 0.551475
vt 0.709857 0.551475
vt 0.702212 0.601475
vt 0.399510 0.601475
vt 0.408688 0.551475
vt 0.413601 0.551475
vt 0.406400 0.601475
vt 0.448842 0.601475
vt 0.458056 0.551475
vt 0.462968 0.551475
vt 0.455723 0.601475
vt 0.047906 0.601475
vt 0.057545 0.551475
vt 0.062615 0.551475
vt 0.055066 0.601475
vt 0.098786 0.601475
vt 0.108288 0.551475
vt 0.113316 0.551475
vt 0.105861 0.601475
vt 0.744942 0.601475
vt 0.754648 0.551475
vt 0.759669 0.551475
vt 0.751962 0.601475
vt 0.498057 0.601475
vt 0.507331 0.551475
vt 0.512249 0.551475
vt 0.504939 0.601475
vt 0.149475 0.601475
vt 0.158882 0.551475
vt 0.163890 0.551475
vt 0.156525 0.601475
vt 0.794911 0.601475
vt 0.804672 0.551475
vt 0.809715 0.551475
vt 0.801966 0.601475
vt 0.199982 0.601475
vt 0.209297 0.551475
vt 0.214279 0.551475
vt 0.206993 0.601475
vt 0.845143 0.601475
vt 0.854932 0.551475
vt 0.859991 0.551475
vt 0.852229 0.601475
vt 0.250248 0.601475
vt 0.259489 0.551475
vt 0.264447 0.551475
vt 0.257221 0.601475
vt 0.895620 0.601475
vt 0.905406 0.551475
vt 0.910474 0.551475
vt 0.902728 0.601475
vt 0.547227 0.601475
vt 0.556580 0.551475
vt 0.561512 0.551475
vt 0.554122 0.601475
vt 0.300251 0.601475
vt 0.309443 0.551475
vt 0.314380 0.551475
vt 0.307190 0.601475
vt 0.946294 0.601475
vt 0.956046 0.551475
vt 0.961117 0.551475
vt 0.953416 0.601475
vt 0.596431 0.601475
vt 0.605876 0.551475
vt 0.610826 0.551475
vt 0.603348 0.601475
vt 0.349996 0.601475
vt 0.359166 0.551475
vt 0.364088 0.551475
vt 0.356906 0.601475
vt 0.997111 0.601475
vt 1.006794 0.551475
vt 1.011856 0.551475
vt 1.004222 0.601475
vt 0.963732 0.276475
vt 0.962706 0.426475
vt 0.960213 0.426475
vt 0.962869 0.276475
vt 0.613474 0.276475
vt 0.612429 0.426475
vt 0.609959 0.426475
vt 0.612625 0.276475
vt 0.366054 0.276475
vt 0.365235 0.426475
vt 0.362800 0.426475
vt 0.365241 0.276475
vt 0.014314 0.276475
vt 0.013326 0.426476
vt 0.010854 0.426476
vt 0.013459 0.276475
vt 0.216212 0.276475
vt 0.215405 0.426475
vt 0.212960 0.426475
vt 0.215393 0.276475
vt 0.115460 0.276475
vt 0.114585 0.426476
vt 0.112121 0.426476
vt 0.114624 0.276475
vt 0.862839 0.276475
vt 0.861736 0.426475
vt 0.859236 0.426475
vt 0.861967 0.276475
vt 0.663027 0.276475
vt 0.661942 0.426475
vt 0.659463 0.426475
vt 0.662169 0.276475
vt 0.712717 0.276475
vt 0.711604 0.426475
vt 0.709116 0.426475
vt 0.711852 0.276475
vt 0.465165 0.276475
vt 0.464269 0.426475
vt 0.461827 0.426475
vt 0.464343 0.276475
vt 0.762575 0.276475
vt 0.761449 0.426475
vt 0.758955 0.426475
vt 0.761705 0.276475
vt 0.064910 0.276475
vt 0.063987 0.426476
vt 0.061512 0.426476
vt 0.064064 0.276475
vt 0.514596 0.276475
vt 0.513650 0.426475
vt 0.511200 0.426475
vt 0.513766 0.276475
vt 0.415667 0.276475
vt 0.414815 0.426475
vt 0.412378 0.426475
vt 0.414851 0.276475
vt 0.165909 0.276475
vt 0.165074 0.426476
vt 0.162620 0.426476
vt 0.165082 0.276475
vt 0.316287 0.276475
vt 0.315488 0.426475
vt 0.313052 0.426475
vt 0.315474 0.276475
vt 0.266342 0.276475
vt 0.265547 0.426475
vt 0.263108 0.426475
vt 0.265527 0.276475
vt 0.913224 0.276475
vt 0.912153 0.426475
vt 0.909656 0.426475
vt 0.912355 0.276475
vt 0.564014 0.276475
vt 0.563017 0.426475
vt 0.560557 0.426475
vt 0.563175 0.276475
vt 0.812616 0.276475
vt 0.811493 0.426475
vt 0.808995 0.426475
vt 0.811744 0.276475
vt 0.520551 0.426475
vt 0.527255 0.276475
vt 0.546336 0.276475
vt 0.541513 0.426475
vt 0.496932 0.276475
vt 0.526435 0.276475
vt 0.517898 0.426475
vt 0.492159 0.426475
vt 0.569892 0.426475
vt 0.576640 0.276475
vt 0.595762 0.276475
vt 0.590891 0.426475
vt 0.575812 0.276475
vt 0.567229 0.426475
vt 0.619294 0.426475
vt 0.626084 0.276475
vt 0.645266 0.276475
vt 0.640352 0.426475
vt 0.625248 0.276475
vt 0.616621 0.426475
vt 0.655944 0.551475
vt 0.694894 0.276475
vt 0.689947 0.426475
vt 0.674797 0.276475
vt 0.666130 0.426475
vt 0.718500 0.426475
vt 0.725352 0.276475
vt 0.744685 0.276475
vt 0.739717 0.426475
vt 0.724502 0.276475
vt 0.715806 0.426475
vt 0.768383 0.426475
vt 0.775249 0.276475
vt 0.794659 0.276475
vt 0.789685 0.426475
vt 0.774395 0.276475
vt 0.765682 0.426475
vt 0.818477 0.426475
vt 0.825344 0.276475
vt 0.844822 0.276475
vt 0.839858 0.426475
vt 0.824487 0.276475
vt 0.815770 0.426475
vt 0.868775 0.426475
vt 0.875629 0.276475
vt 0.895160 0.276475
vt 0.890220 0.426475
vt 0.874772 0.276475
vt 0.866066 0.426475
vt 0.919249 0.426475
vt 0.926078 0.276475
vt 0.945639 0.276475
vt 0.940735 0.426475
vt 0.925224 0.276475
vt 0.916543 0.426475
vt 0.969853 0.426475
vt 0.976646 0.276475
vt 0.996213 0.276475
vt 0.991362 0.426476
vt 0.975798 0.276475
vt 0.967152 0.426475
vt 0.020527 0.426476
vt 0.027277 0.276475
vt 0.046824 0.276475
vt 0.042065 0.426476
vt 1.026438 0.276475
vt 1.017836 0.426476
vt 0.058139 0.551475
vt 0.097410 0.276475
vt 0.092636 0.426476
vt 0.077061 0.276475
vt 0.068516 0.426476
vt 0.121811 0.426476
vt 0.128473 0.276475
vt 0.147912 0.276475
vt 0.143200 0.426476
vt 0.127650 0.276475
vt 0.119141 0.426476
vt 0.172291 0.426475
vt 0.178916 0.276475
vt 0.198280 0.276475
vt 0.193599 0.426475
vt 0.178100 0.276475
vt 0.169632 0.426475
vt 0.222596 0.426475
vt 0.229194 0.276475
vt 0.248478 0.276475
vt 0.243818 0.426475
vt 0.228385 0.276475
vt 0.219947 0.426475
vt 0.272697 0.426475
vt 0.279282 0.276475
vt 0.298489 0.276475
vt 0.293834 0.426475
vt 0.278477 0.276475
vt 0.270056 0.426475
vt 0.322587 0.426475
vt 0.329172 0.276475
vt 0.348313 0.276475
vt 0.343648 0.426475
vt 0.328369 0.276475
vt 0.319950 0.426475
vt 0.372279 0.426475
vt 0.378878 0.276475
vt 0.397971 0.276475
vt 0.393280 0.426475
vt 0.378074 0.276475
vt 0.369643 0.426475
vt 0.409238 0.551475
vt 0.447495 0.276475
vt 0.442767 0.426475
vt 0.427623 0.276475
vt 0.419165 0.426475
vt 0.471209 0.426475
vt 0.477871 0.276475
vt 0.477058 0.276475
vt 0.468565 0.426475
vt 0.809969 0.551475
vt 0.833335 0.551475
vt 0.827385 0.601475
vt 0.808517 0.601475
vt 0.783183 0.551475
vt 0.777249 0.601475
vt 0.071203 0.426476
vt 0.855598 0.551475
vt 0.860234 0.551475
vt 0.883706 0.551475
vt 0.877772 0.601475
vt 0.858808 0.601475
vt 0.011856 0.551475
vt 0.006794 0.551475
vt 0.017836 0.426476
vt 0.910698 0.551475
vt 0.934257 0.551475
vt 0.928365 0.601475
vt 0.909326 0.601475
vt 0.956673 0.551475
vt 0.805348 0.551475
vt 0.961322 0.551475
vt 0.984963 0.551475
vt 0.979161 0.601475
vt 0.960028 0.601475
vt 0.007392 0.551475
vt 0.004222 0.601475
vt 0.012001 0.551475
vt 0.035758 0.551475
vt 0.030008 0.601475
vt 0.010775 0.601475
vt 0.062770 0.551475
vt 0.086382 0.551475
vt 0.080738 0.601475
vt 0.061663 0.601475
vt 0.108837 0.551475
vt 0.113448 0.551475
vt 0.137060 0.551475
vt 0.131526 0.601475
vt 0.112430 0.601475
vt 0.159416 0.551475
vt 0.164007 0.551475
vt 0.187539 0.551475
vt 0.182088 0.601475
vt 0.163065 0.601475
vt 0.209819 0.551475
vt 0.214387 0.551475
vt 0.237825 0.551475
vt 0.232438 0.601475
vt 0.213499 0.601475
vt 0.260007 0.551475
vt 0.264554 0.551475
vt 0.287883 0.551475
vt 0.282535 0.601475
vt 0.263692 0.601475
vt 0.309964 0.551475
vt 0.314493 0.551475
vt 0.337712 0.551475
vt 0.332374 0.601475
vt 0.313629 0.601475
vt 0.359699 0.551475
vt 0.364214 0.551475
vt 0.387332 0.551475
vt 0.381974 0.601475
vt 0.363319 0.601475
vt 0.606519 0.551475
vt 0.611059 0.551475
vt 0.609772 0.601475
vt 0.413746 0.551475
vt 0.436780 0.551475
vt 0.431377 0.601475
vt 0.412796 0.601475
vt 0.458628 0.551475
vt 0.906054 0.551475
vt 0.660504 0.551475
vt 0.659143 0.601475
vt 0.705533 0.551475
vt 0.710114 0.551475
vt 0.708697 0.601475
vt 0.463135 0.551475
vt 0.462111 0.601475
vt 0.421804 0.426475
vt 0.755327 0.551475
vt 0.759929 0.551475
vt 0.758480 0.601475
vt 0.557201 0.551475
vt 0.561725 0.551475
vt 0.560525 0.601475
vt 0.507927 0.551475
vt 0.512439 0.551475
vt 0.535387 0.551475
vt 0.529832 0.601475
vt 0.511330 0.601475
vt 0.486111 0.551475
vt 0.480639 0.601475
vt 0.584678 0.551475
vt 0.579031 0.601475
vt 0.634049 0.551475
vt 0.628310 0.601475
vt 0.683561 0.551475
vt 0.677738 0.601475
vt 0.668815 0.426475
vt 0.733262 0.551475
vt 0.727372 0.601475
vt 0.428430 0.276475
vt 0.077907 0.276475
vt 0.026438 0.276475
vt 0.675640 0.276475
vt 0.512212 0.636749
vt 0.504203 0.622100
vt 0.477530 0.622252
vt 0.526693 0.622253
vt 0.554187 0.622029
vt 0.575858 0.622247
vt 0.603372 0.622025
vt 0.625101 0.622245
vt 0.652687 0.622023
vt 0.674494 0.622244
vt 0.702190 0.622023
vt 0.724097 0.622243
vt 0.751930 0.622023
vt 0.773950 0.622243
vt 0.801935 0.622023
vt 0.824073 0.622244
vt 0.852216 0.622024
vt 0.874458 0.622245
vt 0.902709 0.622026
vt 0.925060 0.622248
vt 0.953616 0.622023
vt 0.975891 0.622244
vt 0.997432 0.622083
vt 1.010775 0.601475
vt 1.030008 0.601475
vt 1.025945 0.622216
vt 1.012327 0.622346
vt 0.060863 0.622039
vt 0.037408 0.622099
vt 0.025945 0.622216
vt 0.077522 0.622249
vt 0.105077 0.622108
vt 0.128353 0.622259
vt 0.155979 0.622095
vt 0.178951 0.622259
vt 0.206400 0.622097
vt 0.229332 0.622260
vt 0.256656 0.622097
vt 0.279450 0.622260
vt 0.306621 0.622097
vt 0.329300 0.622259
vt 0.356329 0.622096
vt 0.378899 0.622257
vt 0.405801 0.622095
vt 0.428289 0.622255
vt 0.455117 0.622091
vt 0.397314 0.276475
vt 0.382692 0.276475
vt 0.382692 0.281475
vt 0.397314 0.281475
vt 0.677010 0.276475
vt 0.680140 0.276475
vt 0.726716 0.276475
vt 0.729870 0.276475
vt 0.429902 0.276475
vt 0.432888 0.276475
vt 0.479319 0.276475
vt 0.482327 0.276475
vt 0.079358 0.276475
vt 0.082490 0.276475
vt 0.129981 0.276475
vt 0.133020 0.276475
vt 0.776614 0.276475
vt 0.779786 0.276475
vt 0.528679 0.276475
vt 0.531715 0.276475
vt 0.180433 0.276475
vt 0.183448 0.276475
vt 0.826718 0.276475
vt 0.829898 0.276475
vt 0.230717 0.276475
vt 0.233707 0.276475
vt 0.877019 0.276475
vt 0.880196 0.276475
vt 0.280802 0.276475
vt 0.283776 0.276475
vt 0.927489 0.276475
vt 0.930652 0.276475
vt 0.578041 0.276475
vt 0.581109 0.276475
vt 0.330682 0.276475
vt 0.333650 0.276475
vt 0.978082 0.276475
vt 0.981224 0.276475
vt 0.627466 0.276475
vt 0.630566 0.276475
vt 0.380372 0.276475
vt 0.383344 0.276475
vt 0.028743 0.276475
vt 0.031849 0.276475
vt 0.979741 0.276475
vt 0.980594 0.276475
vt 0.629119 0.276475
vt 0.629962 0.276475
vt 0.381880 0.276475
vt 0.030363 0.276475
vt 0.031210 0.276475
vt 0.232225 0.276475
vt 0.233042 0.276475
vt 0.131532 0.276475
vt 0.132364 0.276475
vt 0.878724 0.276475
vt 0.879586 0.276475
vt 0.678690 0.276475
vt 0.679540 0.276475
vt 0.728417 0.276475
vt 0.729273 0.276475
vt 0.480875 0.276475
vt 0.481695 0.276475
vt 0.778327 0.276475
vt 0.779188 0.276475
vt 0.081000 0.276475
vt 0.081821 0.276475
vt 0.530266 0.276475
vt 0.531093 0.276475
vt 0.431430 0.276475
vt 0.432246 0.276475
vt 0.181962 0.276475
vt 0.182784 0.276475
vt 0.332180 0.276475
vt 0.332991 0.276475
vt 0.282300 0.276475
vt 0.283112 0.276475
vt 0.929175 0.276475
vt 0.930034 0.276475
vt 0.579661 0.276475
vt 0.580496 0.276475
vt 0.828433 0.276475
vt 0.829295 0.276475
vt 0.545645 0.276475
vt 0.496255 0.276475
vt 0.595058 0.276475
vt 0.644550 0.276475
vt 0.694168 0.276475
vt 0.743951 0.276475
vt 0.793923 0.276475
vt 0.844087 0.276475
vt 0.894429 0.276475
vt 0.944917 0.276475
vt 0.995503 0.276475
vt 0.046128 0.276475
vt 1.028743 0.276475
vt 0.096728 0.276475
vt 0.147242 0.276475
vt 0.197620 0.276475
vt 0.247825 0.276475
vt 0.297839 0.276475
vt 0.347662 0.276475
vt 0.446829 0.276475
vt 0.531093 0.281475
vt 0.545645 0.281475
vt 0.347662 0.281475
vt 0.380372 0.281475
vt 0.496255 0.281475
vt 0.528679 0.281475
vt 0.432888 0.281475
vt 0.431430 0.281475
vt 0.581109 0.281475
vt 0.579661 0.281475
vt 0.432246 0.281475
vt 0.446829 0.281475
vt 0.580496 0.281475
vt 0.595058 0.281475
vt 0.429902 0.281475
vt 0.578041 0.281475
vt 0.482327 0.281475
vt 0.480875 0.281475
vt 0.630566 0.281475
vt 0.629119 0.281475
vt 0.481695 0.281475
vt 0.629962 0.281475
vt 0.644550 0.281475
vt 0.479319 0.281475
vt 0.627466 0.281475
vt 0.680140 0.281475
vt 0.678690 0.281475
vt 0.679540 0.281475
vt 0.694168 0.281475
vt 0.677010 0.281475
vt 0.729870 0.281475
vt 0.728417 0.281475
vt 0.726716 0.281475
vt 0.729273 0.281475
vt 0.743951 0.281475
vt 0.779786 0.281475
vt 0.778327 0.281475
vt 0.079358 0.281475
vt 0.082490 0.281475
vt 0.779188 0.281475
vt 0.793923 0.281475
vt 0.129981 0.281475
vt 0.133020 0.281475
vt 0.776614 0.281475
vt 0.829898 0.281475
vt 0.828433 0.281475
vt 0.531715 0.281475
vt 0.829295 0.281475
vt 0.844087 0.281475
vt 0.180433 0.281475
vt 0.183448 0.281475
vt 0.826718 0.281475
vt 0.880196 0.281475
vt 0.878724 0.281475
vt 0.230717 0.281475
vt 0.233707 0.281475
vt 0.879586 0.281475
vt 0.894429 0.281475
vt 0.877019 0.281475
vt 0.280802 0.281475
vt 0.283776 0.281475
vt 0.930652 0.281475
vt 0.929175 0.281475
vt 0.927489 0.281475
vt 0.930034 0.281475
vt 0.944917 0.281475
vt 0.330682 0.281475
vt 0.333650 0.281475
vt 0.981224 0.281475
vt 0.979741 0.281475
vt 0.978082 0.281475
vt 0.980594 0.281475
vt 0.995503 0.281475
vt 0.383344 0.281475
vt 0.031849 0.281475
vt 0.030363 0.281475
vt 0.028743 0.281475
vt 0.031210 0.281475
vt 0.046128 0.281475
vt 1.028743 0.281475
vt 0.081000 0.281475
vt 0.381880 0.281475
vt 0.081821 0.281475
vt 0.096728 0.281475
vt 0.232225 0.281475
vt 0.233042 0.281475
vt 0.131532 0.281475
vt 0.132364 0.281475
vt 0.147242 0.281475
vt 0.181962 0.281475
vt 0.182784 0.281475
vt 0.197620 0.281475
vt 0.247825 0.281475
vt 0.530266 0.281475
vt 0.282300 0.281475
vt 0.283112 0.281475
vt 0.297839 0.281475
vt 0.332180 0.281475
vt 0.332991 0.281475
s 1
f 180/1/1 259/2/2 302/3/3 184/4/4
f 168/5/5 262/6/6 288/7/7 187/8/8
f 189/9/9 265/10/10 277/11/11 202/12/12
f 195/13/13 269/14/14 268/15/15 191/16/16
f 199/17/17 271/18/18 264/19/19 196/20/20
f 207/21/21 274/22/22 256/23/23 176/24/24
f 211/25/25 278/26/26 249/27/27 193/28/28
f 214/29/29 281/30/30 239/31/31 200/32/32
f 213/33/33 285/34/34 258/35/35 204/36/36
f 163/37/37 291/38/38 322/39/39 221/40/40
f 179/41/41 295/42/42 308/43/43 174/44/44
f 173/45/45 299/46/46 252/47/47 182/48/48
f 178/49/49 305/50/50 266/51/51 215/52/52
f 181/53/53 310/54/54 261/55/55 217/56/56
f 186/57/57 315/58/58 250/59/59 219/60/60
f 190/61/61 319/62/62 225/63/63 209/64/64
f 198/65/65 227/66/66 307/67/67 164/68/68
f 206/69/69 231/70/70 284/71/71 166/72/72
f 208/73/73 237/74/74 263/75/75 169/76/76
f 212/77/77 242/78/78 289/79/79 171/80/80
f 800/81/81 416/82/82 323/83/83 799/84/81
f 802/85/84 342/86/85 331/87/86 801/88/84
f 804/89/87 359/90/88 341/91/89 803/92/87
f 806/93/90 367/94/91 345/95/92 805/96/90
f 808/97/93 378/98/94 351/99/95 807/100/93
f 810/101/96 384/102/97 357/103/98 809/104/96
f 812/105/99 412/106/100 371/107/101 811/108/99
f 814/109/102 421/110/103 329/111/104 813/112/102
f 816/113/105 336/114/106 377/115/107 815/116/105
f 818/117/108 362/118/109 348/119/110 817/120/108
f 820/121/111 375/122/112 407/123/113 819/124/111
f 822/125/114 403/126/115 420/127/116 821/128/114
f 824/129/117 383/130/118 332/131/119 823/132/117
f 826/133/120 339/134/121 340/135/122 825/136/120
f 828/137/123 365/138/124 353/139/125 827/140/123
f 830/141/126 391/142/127 361/143/128 829/144/126
f 832/145/129 325/146/130 382/147/131 831/148/129
f 834/149/132 334/150/133 388/151/134 833/152/132
f 836/153/135 386/154/136 395/155/137 835/156/135
f 838/157/138 358/158/139 401/159/140 837/160/138
f 823/132/141 332/131/142 356/161/143 774/162/141
f 824/129/144 839/163/145 408/164/146 383/130/147
f 840/165/148 773/166/149 387/167/150 380/168/151
f 835/156/152 395/155/153 376/169/154 788/170/152
f 836/153/155 841/171/156 418/172/157 386/154/158
f 839/163/145 787/173/159 417/174/160 408/164/146
f 801/88/161 331/87/162 344/175/163 794/176/161
f 802/85/164 842/177/165 349/178/166 342/86/167
f 841/171/156 793/179/168 328/180/169 418/172/157
f 184/4/170 302/3/171 273/181/172
f 814/109/173 843/182/174 343/183/175 421/110/176
f 842/177/165 759/184/177 360/185/178 349/178/166
f 815/116/179 377/115/180 350/186/181 762/187/179
f 816/113/182 844/188/183 411/189/184 336/114/185
f 843/182/174 761/190/186 363/191/187 343/183/175
f 819/124/188 407/123/189 373/192/190 772/193/188
f 820/121/191 845/194/192 335/195/193 375/122/194
f 844/188/183 771/196/195 347/197/196 411/189/184
f 837/160/197 401/159/198 419/198/199 778/199/197
f 838/157/200 846/200/201 326/201/202 358/158/203
f 845/194/192 777/202/204 398/203/205 335/195/193
f 811/108/206 371/107/207 381/204/208 782/205/206
f 812/105/209 847/206/210 415/207/211 412/106/212
f 846/200/201 781/208/213 406/209/214 326/201/202
f 833/152/215 388/151/216 400/210/217 786/211/215
f 834/149/218 848/212/219 354/213/220 334/150/221
f 847/206/210 785/214/222 414/215/223 415/207/211
f 799/84/224 323/83/225 396/216/226 792/217/224
f 800/81/227 849/218/228 399/219/229 416/82/230
f 848/212/219 791/220/231 324/221/232 354/213/220
f 805/96/233 345/95/234 352/222/235 798/223/233
f 806/93/236 850/224/237 355/225/238 367/94/239
f 849/218/228 797/226/240 338/227/241 399/219/229
f 196/20/242 264/19/243 317/228/244
f 822/125/245 851/229/246 393/230/247 403/126/248
f 850/224/237 767/231/249 374/232/250 355/225/238
f 809/104/251 357/103/252 389/233/253 770/234/251
f 810/101/254 852/235/255 385/236/256 384/102/257
f 851/229/246 769/237/258 379/238/259 393/230/247
f 827/140/260 353/139/261 394/239/262 776/240/260
f 828/137/263 853/241/264 372/242/265 365/138/266
f 852/235/255 775/243/267 392/244/268 385/236/256
f 807/100/269 351/99/270 390/245/271 780/246/269
f 808/97/272 854/247/273 337/248/274 378/98/275
f 853/241/264 779/249/276 402/250/277 372/242/265
f 831/148/278 382/147/279 409/251/280 784/252/278
f 832/145/281 855/253/282 369/254/283 325/146/284
f 854/247/273 783/255/285 410/256/286 337/248/274
f 829/144/287 361/143/288 327/257/289 790/258/287
f 830/141/290 856/259/291 364/260/292 391/142/293
f 855/253/282 789/261/294 422/262/295 369/254/283
f 803/92/296 341/91/297 404/263/298 796/264/296
f 804/89/299 857/265/300 368/266/301 359/90/302
f 856/259/291 795/267/303 333/268/304 364/260/292
f 202/12/305 277/11/306 243/269/307
f 826/133/308 858/270/309 397/271/310 339/134/311
f 857/265/300 763/272/312 366/273/313 368/266/301
f 817/120/314 348/119/315 413/274/316 766/275/314
f 818/117/317 840/165/148 380/168/151 362/118/318
f 858/270/309 765/276/319 370/277/320 397/271/310
f 256/23/23 274/22/22 379/238/321 389/233/322
f 292/278/323 224/279/324 77/280/325 222/281/326
f 249/27/27 278/26/26 347/197/327 373/192/328
f 228/282/329 291/38/38 163/37/37 78/283/330
f 264/19/19 271/18/18 374/232/331 405/284/332
f 252/47/333 270/285/334 182/48/335
f 258/35/35 285/34/34 392/244/336 394/239/337
f 267/286/338 320/287/339 76/288/340 183/289/341
f 289/290/79 242/291/78 338/292/342 352/222/343
f 224/279/324 299/46/46 173/45/45 77/280/325
f 308/43/43 295/42/42 402/250/344 390/245/345
f 252/47/47 299/46/46 406/209/346 381/204/347
f 279/293/348 313/294/349 73/295/350 218/296/351
f 266/51/51 305/50/50 410/256/352 409/251/353
f 320/287/339 310/54/54 181/53/53 76/288/340
f 307/67/354 226/297/355 164/68/356
f 250/59/59 315/58/58 417/174/357 376/169/358
f 322/39/359 293/298/360 221/40/361
f 321/299/362 312/300/363 72/301/364 165/302/365
f 313/294/349 227/66/66 198/65/65 73/295/350
f 307/67/67 227/66/66 324/221/366 396/216/367
f 289/290/368 248/303/369 171/304/370
f 246/305/371 290/306/372 63/307/373 172/308/374
f 263/75/75 237/74/74 333/268/375 404/263/376
f 312/300/363 242/78/78 212/77/77 72/301/364
f 317/228/244 264/19/243 405/284/377 420/127/378
f 314/309/379 309/310/380 71/311/381 197/312/382
f 290/306/372 271/18/18 199/17/17 63/307/373
f 239/31/31 281/30/30 387/167/383 356/161/384
f 256/23/385 255/313/386 176/24/387
f 254/314/388 306/315/389 70/316/390 177/317/391
f 309/310/380 274/22/22 207/21/21 71/311/381
f 258/35/392 247/318/393 204/36/394
f 245/319/395 300/320/396 68/321/397 205/322/398
f 306/315/389 285/34/34 213/33/33 70/316/390
f 308/43/399 253/323/400 174/44/401
f 251/324/402 229/325/403 79/326/404 175/327/405
f 300/320/396 295/42/42 179/41/41 68/321/397
f 266/51/406 276/328/407 215/52/408
f 322/39/39 291/38/38 398/203/409 419/198/410
f 275/329/411 298/330/412 67/331/413 216/332/414
f 229/325/403 305/50/50 178/49/49 79/326/404
f 225/63/415 260/333/416 209/64/417
f 257/334/418 296/335/419 66/336/420 210/337/421
f 298/330/412 319/62/62 190/61/61 67/331/413
f 263/75/422 244/338/423 169/76/424
f 241/339/425 223/340/426 65/341/427 170/342/428
f 296/335/419 237/74/74 208/73/73 66/336/420
f 226/297/429 321/299/362 165/302/365 164/68/68
f 234/343/430 230/344/431 167/345/432 166/72/72
f 240/346/433 311/347/434 64/348/435 203/349/436
f 244/338/437 241/339/425 170/342/428 169/76/76
f 248/303/438 246/305/371 172/308/374 171/304/80
f 268/15/439 297/350/440 191/16/441
f 253/323/442 251/324/402 175/327/405 174/44/44
f 261/55/443 282/351/444 217/56/445
f 255/313/446 254/314/388 177/317/391 176/24/24
f 311/347/434 269/14/14 195/13/13 64/348/435
f 270/285/447 267/286/338 183/289/341 182/48/48
f 273/181/448 272/352/449 185/353/450 184/4/4
f 283/354/451 280/355/452 188/356/453 187/8/8
f 297/350/454 294/357/455 192/358/456 191/16/16
f 243/269/307 277/11/306 330/359/457 340/135/458
f 304/360/459 301/361/460 194/362/461 193/28/28
f 317/228/462 314/309/379 197/312/382 196/20/20
f 261/55/55 310/54/54 414/215/463 400/210/464
f 243/269/465 240/346/433 203/349/436 202/12/12
f 247/318/466 245/319/395 205/322/398 204/36/36
f 260/333/467 257/334/418 210/337/421 209/64/64
f 276/328/468 275/329/411 216/332/414 215/52/52
f 282/351/469 279/293/348 218/296/351 217/56/56
f 287/363/470 286/364/471 220/365/472 219/60/60
f 293/298/473 292/278/323 222/281/326 221/40/40
f 223/340/426 265/10/10 189/9/9 65/341/427
f 239/31/474 236/366/475 200/32/476
f 233/367/477 316/368/478 74/369/479 201/370/480
f 303/371/481 281/30/30 214/29/29 69/372/482
f 225/63/63 319/62/62 422/262/483 327/257/484
f 250/59/485 287/363/486 219/60/487
f 286/364/471 238/373/488 82/374/489 220/365/472
f 316/368/478 315/58/58 186/57/57 74/369/479
f 284/71/71 231/70/70 328/180/490 344/175/491
f 284/71/492 234/343/493 166/72/494
f 230/344/431 235/375/495 81/376/496 167/345/432
f 232/377/497 262/6/6 168/5/5 80/378/498
f 238/373/488 231/70/70 206/69/69 82/374/489
f 273/181/172 302/3/171 346/379/499 329/111/500
f 294/357/455 303/371/481 69/372/482 192/358/456
f 272/352/449 232/377/497 80/378/498 185/353/450
f 235/375/495 259/2/2 180/1/1 81/376/496
f 288/7/501 283/354/502 187/8/503
f 236/366/504 233/367/477 201/370/480 200/32/32
f 280/355/452 318/380/505 75/381/506 188/356/453
f 302/3/3 259/2/2 360/185/507 346/379/508
f 288/7/7 262/6/6 363/191/509 350/186/510
f 249/27/511 304/360/512 193/28/513
f 277/11/11 265/10/10 366/273/514 330/359/515
f 268/15/15 269/14/14 370/277/516 413/274/517
f 318/380/505 278/26/26 211/25/25 75/381/506
f 301/361/460 228/282/329 78/283/330 194/362/461
f 350/186/510 363/191/509 761/190/518 762/187/518
f 419/198/199 401/159/198 293/298/360 322/39/359
f 358/158/203 326/201/202 224/279/324 292/278/323
f 330/359/515 366/273/514 763/272/519 764/382/519
f 404/263/376 333/268/375 795/267/520 796/264/520
f 335/195/193 398/203/205 291/38/38 228/282/329
f 413/274/517 370/277/516 765/276/521 766/275/521
f 381/204/208 371/107/207 270/285/334 252/47/333
f 420/127/378 405/284/377 768/383/522 821/128/522
f 412/106/212 415/207/211 320/287/339 267/286/338
f 326/201/202 406/209/214 299/46/46 224/279/324
f 400/210/217 388/151/216 282/351/444 261/55/443
f 356/161/384 387/167/383 773/166/523 774/162/523
f 334/150/221 354/213/220 313/294/349 279/293/348
f 415/207/211 414/215/223 310/54/54 320/287/339
f 396/216/226 323/83/225 226/297/355 307/67/354
f 416/82/230 399/219/229 312/300/363 321/299/362
f 354/213/220 324/221/232 227/66/66 313/294/349
f 352/222/235 345/95/234 248/303/369 289/290/368
f 367/94/239 355/225/238 290/306/372 246/305/371
f 405/284/332 374/232/331 767/231/524 768/383/524
f 399/219/229 338/227/241 242/78/78 312/300/363
f 403/126/248 393/230/247 309/310/380 314/309/379
f 355/225/238 374/232/250 271/18/18 290/306/372
f 419/198/410 398/203/409 777/202/525 778/199/525
f 389/233/253 357/103/252 255/313/386 256/23/385
f 384/102/257 385/236/256 306/315/389 254/314/388
f 352/222/343 338/292/342 797/384/526 798/223/526
f 393/230/247 379/238/259 274/22/22 309/310/380
f 394/239/262 353/139/261 247/318/393 258/35/392
f 365/138/266 372/242/265 300/320/396 245/319/395
f 385/236/256 392/244/268 285/34/34 306/315/389
f 390/245/271 351/99/270 253/323/400 308/43/399
f 378/98/275 337/248/274 229/325/403 251/324/402
f 372/242/265 402/250/277 295/42/42 300/320/396
f 409/251/280 382/147/279 276/328/407 266/51/406
f 325/146/284 369/254/283 298/330/412 275/329/411
f 337/248/274 410/256/286 305/50/50 229/325/403
f 327/257/289 361/143/288 260/333/416 225/63/415
f 391/142/293 364/260/292 296/335/419 257/334/418
f 369/254/283 422/262/295 319/62/62 298/330/412
f 404/263/298 341/91/297 244/338/423 263/75/422
f 359/90/302 368/266/301 223/340/426 241/339/425
f 364/260/292 333/268/304 237/74/74 296/335/419
f 323/83/83 416/82/82 321/299/362 226/297/429
f 331/87/86 342/86/85 230/344/431 234/343/430
f 339/134/311 397/271/310 311/347/434 240/346/433
f 341/91/89 359/90/88 241/339/425 244/338/437
f 345/95/92 367/94/91 246/305/371 248/303/438
f 413/274/316 348/119/315 297/350/440 268/15/439
f 351/99/95 378/98/94 251/324/402 253/323/442
f 357/103/98 384/102/97 254/314/388 255/313/446
f 340/135/458 330/359/457 764/382/527 825/136/527
f 397/271/310 370/277/320 269/14/14 311/347/434
f 371/107/101 412/106/100 267/286/338 270/285/447
f 329/111/104 421/110/103 272/352/449 273/181/448
f 377/115/107 336/114/106 280/355/452 283/354/451
f 400/210/464 414/215/463 785/214/528 786/211/528
f 348/119/110 362/118/109 294/357/455 297/350/454
f 407/123/113 375/122/112 301/361/460 304/360/459
f 420/127/116 403/126/115 314/309/379 317/228/462
f 332/131/119 383/130/118 233/367/477 236/366/504
f 340/135/122 339/134/121 240/346/433 243/269/465
f 353/139/125 365/138/124 245/319/395 247/318/466
f 396/216/367 324/221/366 791/220/529 792/217/529
f 361/143/128 391/142/127 257/334/418 260/333/467
f 382/147/131 325/146/130 275/329/411 276/328/468
f 389/233/322 379/238/321 769/237/530 770/234/530
f 388/151/134 334/150/133 279/293/348 282/351/469
f 395/155/137 386/154/136 286/364/471 287/363/470
f 373/192/328 347/197/327 771/196/531 772/193/531
f 401/159/140 358/158/139 292/278/323 293/298/473
f 368/266/301 366/273/313 265/10/10 223/340/426
f 356/161/143 332/131/142 236/366/475 239/31/474
f 327/257/484 422/262/483 789/261/532 790/258/532
f 383/130/147 408/164/146 316/368/478 233/367/477
f 380/168/151 387/167/150 281/30/30 303/371/481
f 394/239/337 392/244/336 775/243/533 776/240/533
f 376/169/154 395/155/153 287/363/486 250/59/485
f 386/154/158 418/172/157 238/373/488 286/364/471
f 344/175/491 328/180/490 793/179/534 794/176/534
f 408/164/146 417/174/160 315/58/58 316/368/478
f 344/175/163 331/87/162 234/343/493 284/71/492
f 390/245/345 402/250/344 779/249/535 780/246/535
f 342/86/167 349/178/166 235/375/495 230/344/431
f 381/204/347 406/209/346 781/208/536 782/205/536
f 418/172/157 328/180/169 231/70/70 238/373/488
f 362/118/318 380/168/151 303/371/481 294/357/455
f 329/111/500 346/379/499 760/385/537 813/112/537
f 409/251/353 410/256/352 783/255/538 784/252/538
f 421/110/176 343/183/175 232/377/497 272/352/449
f 349/178/166 360/185/178 259/2/2 235/375/495
f 350/186/181 377/115/180 283/354/502 288/7/501
f 376/169/358 417/174/357 787/173/539 788/170/539
f 336/114/185 411/189/184 318/380/505 280/355/452
f 343/183/175 363/191/187 262/6/6 232/377/497
f 373/192/190 407/123/189 304/360/512 249/27/511
f 375/122/194 335/195/193 228/282/329 301/361/460
f 346/379/508 360/185/507 759/184/540 760/385/540
f 411/189/184 347/197/196 278/26/26 318/380/505
f 468/386/541 588/386/542 590/386/543 470/386/544
f 470/386/544 590/386/543 589/386/545 469/386/546
f 469/386/546 589/386/545 587/386/547 467/386/548
f 500/386/549 583/386/550 585/386/551 502/386/552
f 502/386/552 585/386/551 586/386/553 501/386/554
f 501/386/554 586/386/553 584/386/555 499/386/556
f 496/386/557 579/386/558 581/386/559 498/386/560
f 498/386/560 581/386/559 582/386/561 497/386/562
f 497/386/562 582/386/561 580/386/563 495/386/564
f 492/386/565 575/386/566 577/386/567 494/386/568
f 494/386/568 577/386/567 578/386/569 493/386/570
f 493/386/570 578/386/569 576/386/571 491/386/572
f 488/386/573 571/386/574 573/386/575 490/386/576
f 490/386/576 573/386/575 574/386/577 489/386/578
f 489/386/578 574/386/577 572/386/579 487/386/580
f 484/386/581 567/386/582 569/386/583 486/386/584
f 486/386/584 569/386/583 570/386/585 485/386/586
f 485/386/586 570/386/585 568/386/587 483/386/588
f 480/386/589 563/386/590 565/386/591 482/386/592
f 482/386/592 565/386/591 566/386/593 481/386/594
f 481/386/594 566/386/593 564/386/595 479/386/596
f 476/386/597 559/386/598 561/386/599 478/386/600
f 478/386/600 561/386/599 562/386/601 477/386/602
f 477/386/602 562/386/601 560/386/603 475/386/604
f 472/386/605 555/386/606 557/386/607 474/386/608
f 474/386/608 557/386/607 558/386/609 473/386/610
f 473/386/610 558/386/609 556/386/611 471/386/612
f 504/386/613 552/386/614 554/386/615 506/386/616
f 506/386/616 554/386/615 553/386/617 505/386/618
f 505/386/618 553/386/617 551/386/619 503/386/620
f 464/386/621 547/386/622 549/386/623 466/386/624
f 466/386/624 549/386/623 550/386/625 465/386/626
f 465/386/626 550/386/625 548/386/627 463/386/628
f 460/386/629 543/386/630 545/386/631 462/386/632
f 462/386/632 545/386/631 546/386/633 461/386/634
f 461/386/634 546/386/633 544/386/635 459/386/636
f 456/386/637 539/386/638 541/386/639 458/386/640
f 458/386/640 541/386/639 542/386/641 457/386/642
f 457/386/642 542/386/641 540/386/643 455/386/644
f 452/386/645 535/386/646 537/386/647 454/386/648
f 454/386/648 537/386/647 538/386/649 453/386/650
f 453/386/650 538/386/649 536/386/651 451/386/652
f 448/386/653 531/386/654 533/386/655 450/386/656
f 450/386/656 533/386/655 534/386/657 449/386/658
f 449/386/658 534/386/657 532/386/659 447/386/660
f 444/386/661 527/386/662 529/386/663 446/386/664
f 446/386/664 529/386/663 530/386/665 445/386/666
f 445/386/666 530/386/665 528/386/667 443/386/668
f 440/386/669 523/386/670 525/386/671 442/386/672
f 442/386/672 525/386/671 526/386/673 441/386/674
f 441/386/674 526/386/673 524/386/675 439/386/676
f 436/386/677 519/386/678 521/386/679 438/386/680
f 438/386/680 521/386/679 522/386/681 437/386/682
f 437/386/682 522/386/681 520/386/683 435/386/684
f 432/386/685 515/386/686 517/386/687 434/386/688
f 434/386/688 517/386/687 518/386/689 433/386/690
f 433/386/690 518/386/689 516/386/691 431/386/692
f 424/386/693 511/386/694 513/386/695 426/386/696
f 426/386/696 513/386/695 514/386/697 425/386/698
f 425/386/698 514/386/697 512/386/699 423/386/700
f 428/386/701 507/386/702 509/386/703 430/386/704
f 430/386/704 509/386/703 510/386/705 429/386/706
f 429/386/706 510/386/705 508/386/707 427/386/708
f 588/386/542 504/386/613 506/386/616 590/386/543
f 590/386/543 506/386/616 505/386/618 589/386/545
f 589/386/545 505/386/618 503/386/620 587/386/547
f 583/386/550 496/386/557 498/386/560 585/386/551
f 585/386/551 498/386/560 497/386/562 586/386/553
f 586/386/553 497/386/562 495/386/564 584/386/555
f 579/386/558 492/386/565 494/386/568 581/386/559
f 581/386/559 494/386/568 493/386/570 582/386/561
f 582/386/561 493/386/570 491/386/572 580/386/563
f 575/386/566 488/386/573 490/386/576 577/386/567
f 577/386/567 490/386/576 489/386/578 578/386/569
f 578/386/569 489/386/578 487/386/580 576/386/571
f 571/386/574 484/386/581 486/386/584 573/386/575
f 573/386/575 486/386/584 485/386/586 574/386/577
f 574/386/577 485/386/586 483/386/588 572/386/579
f 567/386/582 480/386/589 482/386/592 569/386/583
f 569/386/583 482/386/592 481/386/594 570/386/585
f 570/386/585 481/386/594 479/386/596 568/386/587
f 563/386/590 476/386/597 478/386/600 565/386/591
f 565/386/591 478/386/600 477/386/602 566/386/593
f 566/386/593 477/386/602 475/386/604 564/386/595
f 559/386/598 472/386/605 474/386/608 561/386/599
f 561/386/599 474/386/608 473/386/610 562/386/601
f 562/386/601 473/386/610 471/386/612 560/386/603
f 555/386/606 468/386/541 470/386/544 557/386/607
f 557/386/607 470/386/544 469/386/546 558/386/609
f 558/386/609 469/386/546 467/386/548 556/386/611
f 552/386/614 464/386/621 466/386/624 554/386/615
f 554/386/615 466/386/624 465/386/626 553/386/617
f 553/386/617 465/386/626 463/386/628 551/386/619
f 547/386/622 460/386/629 462/386/632 549/386/623
f 549/386/623 462/386/632 461/386/634 550/386/625
f 550/386/625 461/386/634 459/386/636 548/386/627
f 543/386/630 456/386/637 458/386/640 545/386/631
f 545/386/631 458/386/640 457/386/642 546/386/633
f 546/386/633 457/386/642 455/386/644 544/386/635
f 539/386/638 452/386/645 454/386/648 541/386/639
f 541/386/639 454/386/648 453/386/650 542/386/641
f 542/386/641 453/386/650 451/386/652 540/386/643
f 535/386/646 448/386/653 450/386/656 537/386/647
f 537/386/647 450/386/656 449/386/658 538/386/649
f 538/386/649 449/386/658 447/386/660 536/386/651
f 531/386/654 444/386/661 446/386/664 533/386/655
f 533/386/655 446/386/664 445/386/666 534/386/657
f 534/386/657 445/386/666 443/386/668 532/386/659
f 527/386/662 440/386/669 442/386/672 529/386/663
f 529/386/663 442/386/672 441/386/674 530/386/665
f 530/386/665 441/386/674 439/386/676 528/386/667
f 523/386/670 436/386/677 438/386/680 525/386/671
f 525/386/671 438/386/680 437/386/682 526/386/673
f 526/386/673 437/386/682 435/386/684 524/386/675
f 519/386/678 432/386/685 434/386/688 521/386/679
f 521/386/679 434/386/688 433/386/690 522/386/681
f 522/386/681 433/386/690 431/386/692 520/386/683
f 515/386/686 428/386/701 430/386/704 517/386/687
f 517/386/687 430/386/704 429/386/706 518/386/689
f 518/386/689 429/386/706 427/386/708 516/386/691
f 511/386/694 500/386/549 502/386/552 513/386/695
f 513/386/695 502/386/552 501/386/554 514/386/697
f 514/386/697 501/386/554 499/386/556 512/386/699
f 507/386/702 424/386/693 426/386/696 509/386/703
f 509/386/703 426/386/696 425/386/698 510/386/705
f 510/386/705 425/386/698 423/386/700 508/386/707
f 69/372/482 214/29/29 423/387/700 512/388/699
f 675/386/709 678/386/710 591/386/711 592/386/712
f 201/370/480 74/369/479 508/389/707 423/387/700
f 679/386/713 675/386/709 592/386/712 629/386/714
f 423/387/700 214/29/29 200/32/32 201/370/480
f 74/369/479 186/57/57 427/390/708 508/389/707
f 681/386/715 684/386/716 593/386/717 594/386/718
f 220/365/472 82/374/489 516/391/691 427/390/708
f 678/386/710 681/386/715 594/386/718 591/386/711
f 427/390/708 186/57/57 219/60/60 220/365/472
f 82/374/489 206/69/69 431/392/692 516/391/691
f 685/386/719 688/386/720 595/386/721 596/386/722
f 167/345/432 81/376/496 520/393/683 431/392/692
f 684/386/716 685/386/719 596/386/722 593/386/717
f 431/392/692 206/69/69 166/72/72 167/345/432
f 81/376/496 180/1/1 435/394/684 520/393/683
f 689/386/723 692/386/724 597/386/725 598/386/726
f 185/353/450 80/378/498 524/395/675 435/394/684
f 688/386/720 689/386/723 598/386/726 595/386/721
f 435/394/684 180/1/1 184/4/4 185/353/450
f 80/378/498 168/5/5 439/396/676 524/395/675
f 693/386/727 696/386/728 599/386/729 600/386/730
f 188/356/453 75/381/506 528/397/667 439/396/676
f 692/386/724 693/386/727 600/386/730 597/386/725
f 439/396/676 168/5/5 187/8/8 188/356/453
f 75/381/506 211/25/25 443/398/668 528/397/667
f 697/386/731 700/386/732 601/386/733 602/386/734
f 194/362/461 78/283/330 532/399/659 443/398/668
f 696/386/728 697/386/731 602/386/734 599/386/729
f 443/398/668 211/25/25 193/28/28 194/362/461
f 78/283/330 163/37/37 447/400/660 532/399/659
f 701/386/735 704/386/736 603/386/737 604/386/738
f 222/281/326 77/280/325 536/401/651 447/400/660
f 700/386/732 701/386/735 604/386/738 601/386/733
f 447/400/660 163/37/37 221/40/40 222/281/326
f 77/280/325 173/45/45 451/402/652 536/401/651
f 705/386/739 708/386/740 605/386/741 606/386/742
f 183/289/341 76/288/340 540/403/643 451/402/652
f 704/386/736 705/386/739 606/386/742 603/386/737
f 451/402/652 173/45/45 182/48/48 183/289/341
f 76/288/340 181/53/53 455/404/644 540/403/643
f 709/386/743 712/386/744 607/386/745 608/386/746
f 218/296/351 73/295/350 544/405/635 455/404/644
f 708/386/740 709/386/743 608/386/746 605/386/741
f 455/404/644 181/53/53 217/56/56 218/296/351
f 73/295/350 198/65/65 459/406/636 544/405/635
f 713/386/747 716/386/748 609/386/749 610/386/750
f 165/302/365 72/301/364 548/407/627 459/406/636
f 712/386/744 713/386/747 610/386/750 607/386/745
f 459/406/636 198/65/65 164/68/68 165/302/365
f 72/301/364 212/77/77 463/408/628 548/407/627
f 717/386/751 720/386/752 611/386/753 612/386/754
f 172/409/374 63/410/373 503/411/620 551/412/619 463/408/628
f 716/386/748 717/386/751 612/386/754 609/386/749
f 463/408/628 212/77/77 171/80/80 172/409/374
f 63/307/373 199/17/17 467/413/548 587/414/547 503/415/620
f 721/386/755 724/386/756 613/386/757 614/386/758
f 197/312/382 71/311/381 556/416/611 467/413/548
f 725/386/759 721/386/755 614/386/758 631/386/760
f 467/413/548 199/17/17 196/20/20 197/312/382
f 71/311/381 207/21/21 471/417/612 556/416/611
f 727/386/761 730/386/762 615/386/763 616/386/764
f 177/317/391 70/316/390 560/418/603 471/417/612
f 724/386/756 727/386/761 616/386/764 613/386/757
f 471/417/612 207/21/21 176/24/24 177/317/391
f 70/316/390 213/33/33 475/419/604 560/418/603
f 731/386/765 734/386/766 617/386/767 618/386/768
f 205/322/398 68/321/397 564/420/595 475/419/604
f 730/386/762 731/386/765 618/386/768 615/386/763
f 475/419/604 213/33/33 204/36/36 205/322/398
f 68/321/397 179/41/41 479/421/596 564/420/595
f 735/386/769 738/386/770 619/386/771 620/386/772
f 175/327/405 79/326/404 568/422/587 479/421/596
f 734/386/766 735/386/769 620/386/772 617/386/767
f 479/421/596 179/41/41 174/44/44 175/327/405
f 79/326/404 178/49/49 483/423/588 568/422/587
f 739/386/773 742/386/774 621/386/775 622/386/776
f 216/332/414 67/331/413 572/424/579 483/423/588
f 738/386/770 739/386/773 622/386/776 619/386/771
f 483/423/588 178/49/49 215/52/52 216/332/414
f 67/331/413 190/61/61 487/425/580 572/424/579
f 743/386/777 746/386/778 623/386/779 624/386/780
f 210/337/421 66/336/420 576/426/571 487/425/580
f 742/386/774 743/386/777 624/386/780 621/386/775
f 487/425/580 190/61/61 209/64/64 210/337/421
f 66/336/420 208/73/73 491/427/572 576/426/571
f 747/386/781 750/386/782 625/386/783 626/386/784
f 170/342/428 65/341/427 580/428/563 491/427/572
f 746/386/778 747/386/781 626/386/784 623/386/779
f 491/427/572 208/73/73 169/76/76 170/342/428
f 65/341/427 189/9/9 495/429/564 580/428/563
f 751/386/785 754/386/786 627/386/787 628/386/788
f 203/349/436 64/348/435 584/430/555 495/429/564
f 750/386/782 751/386/785 628/386/788 625/386/783
f 495/429/564 189/9/9 202/12/12 203/349/436
f 64/348/435 195/13/13 499/431/556 584/430/555
f 755/386/789 679/386/713 629/386/714 630/386/790
f 192/358/456 69/372/482 512/388/699 499/431/556
f 754/386/786 755/386/789 630/386/790 627/386/787
f 499/431/556 195/13/13 191/16/16 192/358/456
f 757/386/791 725/386/759 631/386/760 632/386/792
f 720/386/752 757/386/791 632/386/792 611/386/753
f 34/386/793 13/386/794 658/386/794 655/386/793
f 23/386/795 1/386/795 592/386/795 591/386/795
f 24/386/795 2/386/795 594/386/795 593/386/795
f 25/386/795 3/386/795 596/386/795 595/386/795
f 26/386/795 4/386/795 598/386/795 597/386/795
f 27/386/795 5/386/795 600/386/795 599/386/795
f 28/386/795 6/386/795 602/386/795 601/386/795
f 29/386/795 7/386/795 604/386/795 603/386/795
f 30/386/795 8/386/795 606/386/795 605/386/795
f 31/386/795 9/386/795 608/386/795 607/386/795
f 32/386/795 10/386/795 610/386/795 609/386/795
f 33/386/795 11/386/795 612/386/795 611/386/795
f 34/386/795 12/386/795 614/386/795 613/386/795
f 35/386/795 13/386/795 616/386/795 615/386/795
f 36/386/795 14/386/795 618/386/795 617/386/795
f 37/386/795 15/386/795 620/386/795 619/386/795
f 38/386/795 16/386/795 622/386/795 621/386/795
f 39/386/795 17/386/795 624/386/795 623/386/795
f 40/386/795 18/386/795 626/386/795 625/386/795
f 41/386/795 19/386/795 628/386/795 627/386/795
f 42/386/795 20/386/795 630/386/795 629/386/795
f 62/386/795 21/386/795 632/386/795 631/386/795
f 2/386/795 23/386/795 591/386/795 594/386/795
f 3/386/795 24/386/795 593/386/795 596/386/795
f 4/386/795 25/386/795 595/386/795 598/386/795
f 5/386/795 26/386/795 597/386/795 600/386/795
f 6/386/795 27/386/795 599/386/795 602/386/795
f 7/386/795 28/386/795 601/386/795 604/386/795
f 8/386/795 29/386/795 603/386/795 606/386/795
f 9/386/795 30/386/795 605/386/795 608/386/795
f 10/386/795 31/386/795 607/386/795 610/386/795
f 11/386/795 32/386/795 609/386/795 612/386/795
f 21/386/795 33/386/795 611/386/795 632/386/795
f 13/386/795 34/386/795 613/386/795 616/386/795
f 14/386/795 35/386/795 615/386/795 618/386/795
f 15/386/795 36/386/795 617/386/795 620/386/795
f 16/386/795 37/386/795 619/386/795 622/386/795
f 17/386/795 38/386/795 621/386/795 624/386/795
f 18/386/795 39/386/795 623/386/795 626/386/795
f 19/386/795 40/386/795 625/386/795 628/386/795
f 20/386/795 41/386/795 627/386/795 630/386/795
f 1/386/795 42/386/795 629/386/795 592/386/795
f 12/386/795 62/386/795 631/386/795 614/386/795
f 20/386/796 42/386/797 671/386/797 672/386/796
f 7/386/798 29/386/799 645/386/799 646/386/798
f 35/386/800 14/386/801 660/386/801 657/386/800
f 21/386/802 62/386/803 673/386/803 674/386/802
f 8/386/804 30/386/805 647/386/805 648/386/804
f 36/386/806 15/386/807 662/386/807 659/386/806
f 23/386/808 2/386/809 636/386/809 633/386/808
f 9/386/810 31/386/811 649/386/811 650/386/810
f 37/386/812 16/386/813 664/386/813 661/386/812
f 24/386/814 3/386/815 638/386/815 635/386/814
f 10/386/816 32/386/817 651/386/817 652/386/816
f 38/386/818 17/386/819 666/386/819 663/386/818
f 25/386/820 4/386/821 640/386/821 637/386/820
f 11/386/822 33/386/823 653/386/823 654/386/822
f 39/386/824 18/386/825 668/386/825 665/386/824
f 26/386/826 5/386/827 642/386/827 639/386/826
f 12/386/828 34/386/793 655/386/793 656/386/828
f 40/386/829 19/386/830 670/386/830 667/386/829
f 27/386/831 6/386/832 644/386/832 641/386/831
f 13/386/794 35/386/800 657/386/800 658/386/794
f 41/386/833 20/386/796 672/386/796 669/386/833
f 28/386/834 7/386/798 646/386/798 643/386/834
f 14/386/801 36/386/806 659/386/806 660/386/801
f 42/386/797 1/386/835 634/386/835 671/386/797
f 1/386/835 23/386/808 633/386/808 634/386/835
f 29/386/799 8/386/804 648/386/804 645/386/799
f 15/386/807 37/386/812 661/386/812 662/386/807
f 62/386/803 12/386/828 656/386/828 673/386/803
f 2/386/809 24/386/814 635/386/814 636/386/809
f 30/386/805 9/386/810 650/386/810 647/386/805
f 16/386/813 38/386/818 663/386/818 664/386/813
f 3/386/815 25/386/820 637/386/820 638/386/815
f 31/386/811 10/386/816 652/386/816 649/386/811
f 17/386/819 39/386/824 665/386/824 666/386/819
f 4/386/821 26/386/826 639/386/826 640/386/821
f 32/386/817 11/386/822 654/386/822 651/386/817
f 18/386/825 40/386/829 667/386/829 668/386/825
f 5/386/827 27/386/831 641/386/831 642/386/827
f 33/386/823 21/386/802 674/386/802 653/386/823
f 19/386/830 41/386/833 669/386/833 670/386/830
f 6/386/832 28/386/834 643/386/834 644/386/832
f 552/386/614 504/386/613 758/386/836 719/386/837
f 719/386/837 758/386/836 757/386/791 720/386/752
f 504/386/613 588/386/542 726/386/838 758/386/836
f 758/386/836 726/386/838 725/386/759 757/386/791
f 583/386/550 500/386/549 756/386/839 753/386/840
f 753/386/840 756/386/839 755/386/789 754/386/786
f 500/386/549 511/386/694 680/386/841 756/386/839
f 756/386/839 680/386/841 679/386/713 755/386/789
f 579/386/558 496/386/557 752/386/842 749/386/843
f 749/386/843 752/386/842 751/386/785 750/386/782
f 496/386/557 583/386/550 753/386/840 752/386/842
f 752/386/842 753/386/840 754/386/786 751/386/785
f 575/386/566 492/386/565 748/386/844 745/386/845
f 745/386/845 748/386/844 747/386/781 746/386/778
f 492/386/565 579/386/558 749/386/843 748/386/844
f 748/386/844 749/386/843 750/386/782 747/386/781
f 571/386/574 488/386/573 744/386/846 741/386/847
f 741/386/847 744/386/846 743/386/777 742/386/774
f 488/386/573 575/386/566 745/386/845 744/386/846
f 744/386/846 745/386/845 746/386/778 743/386/777
f 567/386/582 484/386/581 740/386/848 737/386/849
f 737/386/849 740/386/848 739/386/773 738/386/770
f 484/386/581 571/386/574 741/386/847 740/386/848
f 740/386/848 741/386/847 742/386/774 739/386/773
f 563/386/590 480/386/589 736/386/850 733/386/851
f 733/386/851 736/386/850 735/386/769 734/386/766
f 480/386/589 567/386/582 737/386/849 736/386/850
f 736/386/850 737/386/849 738/386/770 735/386/769
f 559/386/598 476/386/597 732/386/852 729/386/853
f 729/386/853 732/386/852 731/386/765 730/386/762
f 476/386/597 563/386/590 733/386/851 732/386/852
f 732/386/852 733/386/851 734/386/766 731/386/765
f 555/386/606 472/386/605 728/386/854 723/386/855
f 723/386/855 728/386/854 727/386/761 724/386/756
f 472/386/605 559/386/598 729/386/853 728/386/854
f 728/386/854 729/386/853 730/386/762 727/386/761
f 588/386/542 468/386/541 722/386/856 726/386/838
f 726/386/838 722/386/856 721/386/755 725/386/759
f 468/386/541 555/386/606 723/386/855 722/386/856
f 722/386/856 723/386/855 724/386/756 721/386/755
f 547/386/622 464/386/621 718/386/751 715/386/857
f 715/386/857 718/386/751 717/386/751 716/386/748
f 464/386/621 552/386/614 719/386/837 718/386/751
f 718/386/751 719/386/837 720/386/752 717/386/751
f 543/386/630 460/386/629 714/386/858 711/386/859
f 711/386/859 714/386/858 713/386/747 712/386/744
f 460/386/629 547/386/622 715/386/857 714/386/858
f 714/386/858 715/386/857 716/386/748 713/386/747
f 539/386/638 456/386/637 710/386/860 707/386/861
f 707/386/861 710/386/860 709/386/743 708/386/740
f 456/386/637 543/386/630 711/386/859 710/386/860
f 710/386/860 711/386/859 712/386/744 709/386/743
f 535/386/646 452/386/645 706/386/862 703/386/863
f 703/386/863 706/386/862 705/386/739 704/386/736
f 452/386/645 539/386/638 707/386/861 706/386/862
f 706/386/862 707/386/861 708/386/740 705/386/739
f 531/386/654 448/386/653 702/386/864 699/386/865
f 699/386/865 702/386/864 701/386/735 700/386/732
f 448/386/653 535/386/646 703/386/863 702/386/864
f 702/386/864 703/386/863 704/386/736 701/386/735
f 527/386/662 444/386/661 698/386/866 695/386/867
f 695/386/867 698/386/866 697/386/731 696/386/728
f 444/386/661 531/386/654 699/386/865 698/386/866
f 698/386/866 699/386/865 700/386/732 697/386/731
f 523/386/670 440/386/669 694/386/868 691/386/869
f 691/386/869 694/386/868 693/386/727 692/386/724
f 440/386/669 527/386/662 695/386/867 694/386/868
f 694/386/868 695/386/867 696/386/728 693/386/727
f 519/386/678 436/386/677 690/386/870 687/386/871
f 687/386/871 690/386/870 689/386/723 688/386/720
f 436/386/677 523/386/670 691/386/869 690/386/870
f 690/386/870 691/386/869 692/386/724 689/386/723
f 515/386/686 432/386/685 686/386/872 683/386/873
f 683/386/873 686/386/872 685/386/719 684/386/716
f 432/386/685 519/386/678 687/386/871 686/386/872
f 686/386/872 687/386/871 688/386/720 685/386/719
f 507/386/702 428/386/701 682/386/874 677/386/875
f 677/386/875 682/386/874 681/386/715 678/386/710
f 428/386/701 515/386/686 683/386/873 682/386/874
f 682/386/874 683/386/873 684/386/716 681/386/715
f 511/386/694 424/386/693 676/386/876 680/386/841
f 680/386/841 676/386/876 675/386/709 679/386/713
f 424/386/693 507/386/702 677/386/875 676/386/876
f 676/386/876 677/386/875 678/386/710 675/386/709
f 60/432/877 151/433/878 904/434/878 957/435/877
f 98/436/879 97/437/879 760/385/879 759/184/879
f 102/438/879 101/439/879 762/187/879 761/190/879
f 158/440/879 157/441/879 764/382/879 763/272/879
f 162/442/879 161/443/879 766/275/879 765/276/879
f 130/444/879 129/445/879 768/383/879 767/231/879
f 134/446/879 133/447/879 770/234/879 769/237/879
f 106/448/879 105/449/879 772/193/879 771/196/879
f 86/450/879 85/451/879 774/162/879 773/166/879
f 138/452/879 137/453/879 776/240/879 775/243/879
f 110/454/879 109/455/879 778/199/879 777/202/879
f 142/456/879 141/457/879 780/246/879 779/249/879
f 114/458/879 113/459/879 782/205/879 781/208/879
f 146/460/879 145/461/879 784/252/879 783/255/879
f 118/462/879 117/463/879 786/211/879 785/214/879
f 90/464/879 89/465/879 788/170/879 787/173/879
f 150/466/879 149/467/879 790/258/879 789/261/879
f 122/468/879 121/469/879 792/217/879 791/220/879
f 94/470/879 93/471/879 794/176/879 793/179/879
f 154/472/879 153/473/879 796/264/879 795/267/879
f 126/474/879 125/475/879 798/223/879 797/384/879
f 120/476/879 119/477/879 800/81/879 799/84/879
f 92/478/879 91/479/879 802/85/879 801/88/879
f 152/480/879 151/433/879 804/89/879 803/92/879
f 124/481/879 123/482/879 806/93/879 805/96/879
f 140/483/879 139/484/879 808/97/879 807/100/879
f 132/485/879 131/486/879 810/101/879 809/104/879
f 112/487/879 111/488/879 812/105/879 811/108/879
f 96/489/879 95/490/879 814/109/879 813/112/879
f 100/491/879 99/492/879 816/113/879 815/116/879
f 160/493/879 159/494/879 818/117/879 817/120/879
f 104/495/879 103/496/879 820/121/879 819/124/879
f 128/497/879 127/498/879 822/125/879 821/128/879
f 84/499/879 83/500/879 824/129/879 823/132/879
f 156/501/879 155/502/879 826/133/879 825/136/879
f 136/503/879 135/504/879 828/137/879 827/140/879
f 148/505/879 147/506/879 830/141/879 829/144/879
f 144/507/879 143/508/879 832/145/879 831/148/879
f 116/509/879 115/510/879 834/149/879 833/152/879
f 88/511/879 87/512/879 836/153/879 835/156/879
f 108/513/879 107/514/879 838/157/879 837/160/879
f 85/451/879 84/499/879 823/132/879 774/162/879
f 83/500/879 43/515/879 839/163/879 824/129/879
f 44/516/879 86/450/879 773/166/879 840/165/879
f 89/465/879 88/511/879 835/156/879 788/170/879
f 87/512/879 45/517/879 841/171/879 836/153/879
f 43/515/879 90/464/879 787/173/879 839/163/879
f 93/471/879 92/478/879 801/88/879 794/176/879
f 91/479/879 46/518/879 842/177/879 802/85/879
f 45/517/879 94/470/879 793/179/879 841/171/879
f 97/437/879 96/489/879 813/112/879 760/385/879
f 95/490/879 47/519/879 843/182/879 814/109/879
f 46/518/879 98/436/879 759/184/879 842/177/879
f 101/439/879 100/491/879 815/116/879 762/187/879
f 99/492/879 48/520/879 844/188/879 816/113/879
f 47/519/879 102/438/879 761/190/879 843/182/879
f 105/449/879 104/495/879 819/124/879 772/193/879
f 103/496/879 49/521/879 845/194/879 820/121/879
f 48/520/879 106/448/879 771/196/879 844/188/879
f 109/455/879 108/513/879 837/160/879 778/199/879
f 107/514/879 50/522/879 846/200/879 838/157/879
f 49/521/879 110/454/879 777/202/879 845/194/879
f 113/459/879 112/487/879 811/108/879 782/205/879
f 111/488/879 51/523/879 847/206/879 812/105/879
f 50/522/879 114/458/879 781/208/879 846/200/879
f 117/463/879 116/509/879 833/152/879 786/211/879
f 115/510/879 52/524/879 848/212/879 834/149/879
f 51/523/879 118/462/879 785/214/879 847/206/879
f 121/469/879 120/476/879 799/84/879 792/217/879
f 119/477/879 53/525/879 849/218/879 800/81/879
f 52/524/879 122/468/879 791/220/879 848/212/879
f 125/475/879 124/481/879 805/96/879 798/223/879
f 123/482/879 22/526/879 850/224/879 806/93/879
f 53/525/879 126/527/879 797/226/879 849/218/879
f 129/445/879 128/497/879 821/128/879 768/383/879
f 127/498/879 54/528/879 851/229/879 822/125/879
f 22/526/879 130/444/879 767/231/879 850/224/879
f 133/447/879 132/485/879 809/104/879 770/234/879
f 131/486/879 55/529/879 852/235/879 810/101/879
f 54/528/879 134/446/879 769/237/879 851/229/879
f 137/453/879 136/503/879 827/140/879 776/240/879
f 135/504/879 56/530/879 853/241/879 828/137/879
f 55/529/879 138/452/879 775/243/879 852/235/879
f 141/457/879 140/483/879 807/100/879 780/246/879
f 139/484/879 57/531/879 854/247/879 808/97/879
f 56/530/879 142/456/879 779/249/879 853/241/879
f 145/461/879 144/507/879 831/148/879 784/252/879
f 143/508/879 58/532/879 855/253/879 832/145/879
f 57/531/879 146/460/879 783/255/879 854/247/879
f 149/467/879 148/505/879 829/144/879 790/258/879
f 147/506/879 59/533/879 856/259/879 830/141/879
f 58/532/879 150/466/879 789/261/879 855/253/879
f 153/473/879 152/480/879 803/92/879 796/264/879
f 151/433/879 60/432/879 857/265/879 804/89/879
f 59/533/879 154/472/879 795/267/879 856/259/879
f 157/441/879 156/501/879 825/136/879 764/382/879
f 155/502/879 61/534/879 858/270/879 826/133/879
f 60/432/879 158/440/879 763/272/879 857/265/879
f 161/443/879 160/493/879 817/120/879 766/275/879
f 159/494/879 44/516/879 840/165/879 818/117/879
f 61/534/879 162/442/879 765/276/879 858/270/879
f 43/515/880 83/500/881 924/535/881 939/536/880
f 154/472/882 59/533/883 956/537/883 895/538/882
f 86/450/884 44/516/885 940/539/885 873/540/884
f 156/501/886 157/441/886 864/541/886 925/542/886
f 88/511/887 89/465/887 888/543/887 935/544/887
f 61/534/888 155/502/889 926/545/889 958/546/888
f 45/517/890 87/512/891 936/547/891 941/548/890
f 158/440/892 60/432/877 957/435/877 863/549/892
f 90/464/893 43/515/880 939/536/880 887/550/893
f 160/493/894 161/443/894 866/551/894 917/552/894
f 92/478/895 93/471/895 894/553/895 901/554/895
f 44/516/885 159/494/896 918/555/896 940/539/885
f 46/518/897 91/479/898 902/556/898 942/557/897
f 162/442/899 61/534/888 958/546/888 865/558/899
f 94/470/900 45/517/890 941/548/890 893/559/900
f 96/489/901 97/437/901 860/560/901 913/561/901
f 47/519/902 95/490/903 914/562/903 943/563/902
f 98/436/904 46/518/897 942/557/897 859/564/904
f 97/437/905 98/436/905 859/564/905 860/560/905
f 100/491/906 101/439/906 862/565/906 915/566/906
f 101/439/907 102/438/907 861/567/907 862/565/907
f 48/520/908 99/492/909 916/568/909 944/569/908
f 157/441/910 158/440/910 863/549/910 864/541/910
f 102/438/911 47/519/902 943/563/902 861/567/911
f 161/443/912 162/442/912 865/558/912 866/551/912
f 104/495/913 105/449/913 872/570/913 919/571/913
f 129/445/914 130/444/914 867/572/914 868/573/914
f 49/521/915 103/496/916 920/574/916 945/575/915
f 133/447/917 134/446/917 869/576/917 870/577/917
f 106/448/918 48/520/908 944/569/908 871/578/918
f 105/449/919 106/448/919 871/578/919 872/570/919
f 108/513/920 109/455/920 878/579/920 937/580/920
f 85/451/921 86/450/921 873/540/921 874/581/921
f 50/522/922 107/514/923 938/582/923 946/583/922
f 137/453/924 138/452/924 875/584/924 876/585/924
f 110/454/925 49/521/915 945/575/915 877/586/925
f 109/455/926 110/454/926 877/586/926 878/579/926
f 112/487/927 113/459/927 882/587/927 911/588/927
f 141/457/928 142/456/928 879/589/928 880/590/928
f 51/523/929 111/488/930 912/591/930 947/592/929
f 113/459/931 114/458/931 881/593/931 882/587/931
f 114/458/932 50/522/922 946/583/922 881/593/932
f 145/461/933 146/460/933 883/594/933 884/595/933
f 116/509/934 117/463/934 886/596/934 933/597/934
f 117/463/935 118/462/935 885/598/935 886/596/935
f 52/524/936 115/510/937 934/599/937 948/600/936
f 89/465/938 90/464/938 887/550/938 888/543/938
f 118/462/939 51/523/929 947/592/929 885/598/939
f 149/467/940 150/466/940 889/601/940 890/602/940
f 120/476/941 121/469/941 892/603/941 899/604/941
f 121/469/942 122/468/942 891/605/942 892/603/942
f 53/525/943 119/477/944 900/606/944 949/607/943
f 93/471/945 94/470/945 893/559/945 894/553/945
f 122/468/946 52/524/936 948/600/936 891/605/946
f 153/473/947 154/472/947 895/538/947 896/608/947
f 124/481/948 125/475/948 898/609/948 905/610/948
f 125/475/949 126/474/949 897/611/949 898/609/949
f 22/526/950 123/482/951 906/612/951 950/613/950
f 119/477/952 120/476/952 899/604/952 900/606/952
f 126/527/953 53/525/943 949/607/943 897/614/953
f 91/479/954 92/478/954 901/554/954 902/556/954
f 128/497/955 129/445/955 868/573/955 921/615/955
f 151/433/956 152/480/956 903/616/956 904/434/956
f 54/528/957 127/498/958 922/617/958 951/618/957
f 123/482/959 124/481/959 905/610/959 906/612/959
f 130/444/960 22/526/950 950/613/950 867/572/960
f 139/484/961 140/483/961 907/619/961 908/620/961
f 132/485/962 133/447/962 870/577/962 909/621/962
f 131/486/963 132/485/963 909/621/963 910/622/963
f 55/529/964 131/486/965 910/622/965 952/623/964
f 111/488/966 112/487/966 911/588/966 912/591/966
f 134/446/967 54/528/957 951/618/957 869/576/967
f 95/490/968 96/489/968 913/561/968 914/562/968
f 136/503/969 137/453/969 876/585/969 927/624/969
f 99/492/970 100/491/970 915/566/970 916/568/970
f 56/530/971 135/504/972 928/625/972 953/626/971
f 159/494/973 160/493/973 917/552/973 918/555/973
f 138/452/974 55/529/964 952/623/964 875/584/974
f 103/496/975 104/495/975 919/571/975 920/574/975
f 140/483/976 141/457/976 880/590/976 907/619/976
f 127/498/977 128/497/977 921/615/977 922/617/977
f 57/531/978 139/484/979 908/620/979 954/627/978
f 83/500/980 84/499/980 923/628/980 924/535/980
f 142/456/981 56/530/971 953/626/971 879/589/981
f 155/502/982 156/501/982 925/542/982 926/545/982
f 144/507/983 145/461/983 884/595/983 931/629/983
f 135/504/984 136/503/984 927/624/984 928/625/984
f 58/532/985 143/508/986 932/630/986 955/631/985
f 147/506/987 148/505/987 929/632/987 930/633/987
f 146/460/988 57/531/978 954/627/978 883/594/988
f 143/508/989 144/507/989 931/629/989 932/630/989
f 148/505/990 149/467/990 890/602/990 929/632/990
f 115/510/991 116/509/991 933/597/991 934/599/991
f 59/533/883 147/506/992 930/633/992 956/537/883
f 87/512/993 88/511/993 935/544/993 936/547/993
f 150/466/994 58/532/985 955/631/985 889/601/994
f 107/514/995 108/513/995 937/580/995 938/582/995
f 152/480/996 153/473/996 896/608/996 903/616/996
f 84/499/997 85/451/997 874/581/997 923/628/997
